Category,Days_Left,Stock_Available,Sales_Last_Week,Target_Discount
Dairy,89,73,7,2.5
Meat,24,48,99,0.0
Meat,37,186,29,0.36
Produce,55,39,41,2.95
Pantry,47,174,10,2.01
Dairy,64,170,54,0.0
Frozen,13,158,91,4.01
Pantry,58,141,44,0.0
Pantry,32,149,7,3.11
Frozen,42,22,23,0.38
Pantry,7,10,63,11.66
Produce,78,184,29,0.0
Frozen,75,165,75,1.67
Produce,49,133,74,1.84
Frozen,38,27,57,0.0
Bakery,13,116,17,5.38
Pantry,79,193,84,3.68
Meat,35,12,12,1.06
Meat,62,61,1,2.33
Pantry,85,43,24,0.76
Frozen,28,64,96,1.18
Frozen,53,160,44,2.11
Meat,88,83,66,0.0
Bakery,53,127,13,0.0
Beverage,59,16,98,0.0
Beverage,45,32,11,0.0
Meat,59,55,58,0.0
Dairy,56,112,25,3.98
Pantry,85,191,73,0.41
Frozen,77,26,78,1.98
Beverage,87,177,14,0.0
Beverage,15,36,10,2.99
Produce,9,134,70,10.46
Pantry,45,159,10,0.79
Bakery,23,124,19,3.15
Bakery,30,188,1,0.12
Bakery,88,167,19,1.53
Bakery,7,135,13,20.41
Produce,49,30,78,0.0
Dairy,49,118,10,1.29
Pantry,63,22,1,0.0
Beverage,48,91,94,0.26
Pantry,7,91,98,13.51
Pantry,38,157,2,4.12
Frozen,44,169,97,0.0
Pantry,16,183,71,3.68
Bakery,77,156,17,0.0
Produce,43,35,1,0.0
Beverage,30,34,83,1.44
Pantry,84,179,93,0.0
Beverage,63,46,21,2.88
Produce,86,197,62,1.86
Meat,37,114,63,0.0
Frozen,18,189,81,0.0
Beverage,60,99,55,0.0
Dairy,1,164,52,47.7
Meat,49,18,29,0.24
Bakery,8,31,17,18.03
Meat,21,128,82,1.78
Dairy,47,11,85,0.0
Produce,39,43,54,0.67
Dairy,29,96,83,0.0
Produce,40,187,61,0.67
Pantry,87,93,62,1.05
Produce,71,21,46,0.0
Frozen,51,185,89,0.79
Meat,26,11,42,0.0
Produce,57,59,3,0.58
Pantry,2,104,62,33.35
Frozen,54,89,51,0.73
Produce,11,41,75,10.51
Dairy,47,102,83,0.0
Beverage,85,149,99,0.11
Dairy,23,182,58,0.0
Dairy,15,99,45,2.38
Beverage,43,135,24,0.0
Pantry,82,124,11,0.0
Beverage,83,131,59,0.0
Frozen,24,23,81,0.06
Pantry,42,99,54,0.94
Beverage,64,75,38,1.99
Frozen,31,110,30,2.98
Dairy,67,82,64,0.79
Meat,21,153,86,3.49
Beverage,59,65,56,0.0
Dairy,30,111,52,0.0
Dairy,65,60,44,0.0
Bakery,23,47,37,4.93
Meat,34,193,75,2.62
Beverage,43,28,22,0.25
Beverage,37,123,93,3.92
Beverage,63,124,21,0.98
Bakery,73,143,28,1.85
Pantry,83,25,1,1.98
Produce,14,61,59,5.95
Pantry,76,36,49,0.0
Pantry,77,91,4,0.0
Frozen,61,71,26,0.0
Meat,82,171,48,2.07
Pantry,49,139,8,0.1
Beverage,80,44,82,0.0
Pantry,89,89,65,1.31
Bakery,26,67,95,2.94
Meat,82,83,31,0.0
Dairy,71,131,40,2.78
Pantry,10,154,12,15.55
Produce,65,82,66,2.76
Produce,62,156,57,1.94
Dairy,79,129,89,0.0
Dairy,48,23,47,0.0
Pantry,44,139,45,2.48
Pantry,72,56,36,0.0
Pantry,52,19,46,3.58
Frozen,74,194,84,0.0
Beverage,5,40,1,37.05
Pantry,51,62,78,0.39
Produce,63,187,90,1.91
Dairy,81,175,30,0.0
Beverage,83,52,5,0.62
Meat,79,83,77,2.71
Meat,75,10,47,0.0
Beverage,47,158,97,0.0
Pantry,16,61,98,3.34
Meat,9,170,66,18.12
Bakery,10,43,31,9.81
Frozen,69,19,1,2.21
Bakery,62,131,30,0.0
Meat,49,170,96,1.06
Produce,68,154,21,0.81
Dairy,56,56,95,3.05
Frozen,26,193,44,0.0
Meat,82,13,16,0.0
Bakery,81,77,75,0.0
Dairy,22,102,15,3.12
Produce,27,150,17,0.39
Pantry,29,89,49,0.45
Frozen,29,104,97,1.35
Frozen,44,180,31,2.03
Pantry,30,88,23,2.27
Pantry,55,44,20,0.7
Meat,55,12,2,0.67
Pantry,33,91,60,5.2
Beverage,14,53,68,0.38
Frozen,89,104,14,2.42
Meat,88,127,43,3.77
Frozen,12,35,93,6.61
Beverage,23,136,77,2.15
Dairy,53,87,80,3.86
Beverage,8,100,88,7.14
Frozen,67,142,9,0.0
Bakery,29,11,73,1.06
Bakery,33,38,32,0.0
Beverage,79,97,62,0.0
Bakery,11,114,77,12.76
Frozen,79,81,88,0.0
Frozen,33,10,99,0.0
Bakery,22,197,5,5.98
Meat,9,184,8,24.33
Produce,54,99,18,0.0
Beverage,79,13,86,1.09
Meat,49,42,37,0.0
Pantry,26,15,17,0.84
Bakery,47,70,33,2.19
Produce,51,124,35,0.68
Bakery,63,21,19,0.0
Frozen,10,148,52,6.95
Frozen,52,85,27,0.72
Produce,60,83,86,0.0
Pantry,71,174,77,0.0
Dairy,17,14,22,4.46
Bakery,71,172,34,1.75
Bakery,60,81,39,0.0
Dairy,35,130,54,0.0
Pantry,79,112,64,3.98
Bakery,40,191,51,0.0
Bakery,9,47,56,13.14
Meat,20,110,68,6.5
Beverage,74,177,42,0.0
Frozen,57,21,60,2.69
Beverage,14,173,85,2.58
Produce,69,153,94,1.97
Bakery,53,100,62,0.0
Dairy,30,175,89,0.0
Frozen,44,197,86,3.36
Beverage,68,122,78,0.0
Dairy,31,52,77,0.0
Beverage,39,116,77,3.51
Bakery,83,101,97,1.56
Beverage,15,155,25,2.9
Beverage,19,168,24,2.78
Frozen,74,117,82,0.68
Produce,67,34,29,1.49
Produce,79,81,14,0.0
Frozen,45,67,53,0.0
Bakery,33,188,23,0.0
Produce,12,55,50,8.67
Pantry,25,146,91,0.76
Meat,43,32,49,0.0
Dairy,29,195,16,0.0
Bakery,40,43,24,0.13
Bakery,57,124,70,0.0
Dairy,54,23,25,0.5
Dairy,43,173,57,0.0
Meat,8,189,55,11.7
Frozen,75,110,44,0.64
Bakery,85,150,99,0.0
Beverage,29,27,51,0.71
Beverage,73,12,55,0.0
Beverage,33,74,69,3.02
Produce,73,96,43,0.0
Frozen,39,43,49,0.0
Produce,75,78,76,0.0
Frozen,18,64,49,2.17
Produce,48,66,27,0.12
Beverage,43,84,74,0.0
Dairy,66,23,9,0.93
Frozen,55,187,73,1.26
Produce,13,199,89,4.66
Beverage,52,136,67,0.33
Pantry,71,157,33,1.35
Dairy,89,134,4,0.0
Pantry,10,158,91,11.47
Produce,13,26,73,10.44
Beverage,25,28,17,2.7
Dairy,7,199,97,15.85
Frozen,69,156,26,2.5
Dairy,54,90,7,2.09
Dairy,46,33,25,0.99
Beverage,82,146,63,0.58
Produce,1,132,86,45.77
Produce,31,32,68,0.0
Dairy,15,23,30,7.56
Pantry,48,29,85,0.0
Beverage,15,172,78,1.0
Pantry,7,198,45,14.32
Frozen,88,107,75,0.0
Beverage,37,101,99,0.0
Beverage,21,47,53,0.59
Pantry,31,161,6,0.96
Beverage,36,168,0,1.27
Meat,70,178,84,0.0
Dairy,34,193,67,0.0
Pantry,63,69,12,3.05
Dairy,87,96,58,0.0
Frozen,9,85,71,5.7
Meat,37,40,31,0.0
Frozen,6,94,48,12.97
Pantry,47,69,66,1.34
Bakery,89,144,33,1.58
Beverage,72,178,89,0.0
Meat,1,59,25,50.0
Produce,85,11,99,0.0
Dairy,36,143,80,2.63
Pantry,43,86,63,0.0
Produce,74,191,47,0.0
Dairy,24,93,80,3.1
Bakery,28,194,5,2.54
Produce,51,97,92,0.69
Dairy,5,129,16,26.93
Dairy,46,19,29,1.32
Meat,78,168,39,2.77
Beverage,8,56,11,9.57
Produce,52,122,23,1.86
Dairy,41,46,55,0.0
Pantry,70,193,33,0.0
Produce,44,58,89,1.21
Pantry,82,97,94,1.32
Pantry,20,101,59,4.5
Produce,82,46,46,0.0
Frozen,57,68,32,0.41
Pantry,7,111,84,14.41
Beverage,63,198,91,1.02
Dairy,74,161,96,0.0
Pantry,88,190,58,0.92
Bakery,74,80,30,1.0
Produce,70,146,37,0.62
Beverage,77,29,65,0.0
Bakery,1,191,39,50.0
Dairy,36,61,77,0.0
Bakery,73,194,97,0.19
Pantry,22,187,91,3.73
Frozen,69,30,20,2.34
Dairy,58,39,80,0.28
Meat,13,197,74,3.66
Meat,55,195,46,0.0
Meat,71,128,43,0.26
Bakery,26,103,68,0.0
Beverage,63,137,24,0.0
Produce,70,82,14,0.0
Meat,13,93,40,7.09
Bakery,30,121,16,1.91
Dairy,8,137,76,10.37
Produce,41,40,94,0.0
Beverage,78,40,36,2.24
Beverage,83,100,79,0.0
Pantry,79,55,36,0.49
Beverage,4,61,82,19.19
Pantry,70,150,11,0.65
Dairy,59,51,13,0.0
Dairy,5,25,13,27.17
Pantry,56,55,55,1.91
Frozen,33,187,71,0.0
Frozen,50,145,3,0.0
Bakery,9,24,25,10.77
Frozen,59,85,0,0.0
Meat,50,37,93,0.18
Produce,10,103,69,12.61
Dairy,53,43,46,0.02
Frozen,5,54,92,14.06
Meat,26,125,86,2.8
Beverage,28,35,90,2.62
Meat,16,153,94,8.67
Beverage,55,112,70,1.92
Dairy,3,128,9,50.0
Pantry,20,144,15,2.96
Frozen,29,127,42,0.0
Produce,27,36,70,1.56
Pantry,79,79,20,0.0
Bakery,66,53,79,0.0
Pantry,61,47,34,0.0
Meat,43,34,55,0.0
Dairy,14,137,34,9.97
Frozen,88,61,40,0.0
Beverage,65,121,10,5.5
Frozen,41,45,38,0.03
Beverage,17,145,10,1.97
Frozen,31,198,71,0.0
Beverage,46,143,26,2.16
Beverage,51,18,61,0.0
Dairy,44,126,18,0.0
Meat,44,196,54,0.0
Meat,83,91,54,3.56
Bakery,62,170,10,0.0
Bakery,32,144,76,0.0
Bakery,14,127,16,7.73
Beverage,58,198,35,0.42
Beverage,27,187,81,2.11
Produce,2,37,53,38.44
Meat,79,188,69,0.0
Meat,88,140,90,0.0
Dairy,41,187,85,0.0
Dairy,2,36,44,35.91
Bakery,52,72,92,0.0
Dairy,40,185,43,1.73
Dairy,63,124,95,0.0
Meat,8,19,8,12.92
Dairy,75,68,2,0.0
Dairy,42,52,60,2.59
Beverage,32,124,39,0.0
Frozen,83,171,84,0.0
Beverage,83,96,20,0.0
Beverage,59,77,92,1.5
Dairy,84,104,6,0.0
Frozen,69,145,39,0.0
Frozen,57,75,35,0.0
Beverage,87,154,56,0.0
Beverage,2,56,23,24.9
Meat,11,190,77,10.04
Bakery,70,116,57,1.47
Frozen,86,97,80,3.01
Meat,57,163,47,0.35
Meat,31,133,36,0.76
Frozen,41,138,38,0.09
Pantry,78,56,47,1.95
Produce,7,184,59,12.16
Produce,86,60,57,1.67
Dairy,81,160,9,1.45
Pantry,40,130,36,0.0
Dairy,3,73,85,35.37
Pantry,75,179,94,1.6
Pantry,62,135,38,0.0
Meat,88,109,48,4.17
Beverage,3,119,28,21.01
Meat,2,121,16,42.11
Dairy,11,86,79,12.76
Bakery,46,82,45,0.0
Frozen,9,80,4,14.44
Pantry,78,86,53,2.1
Dairy,74,67,6,0.0
Produce,13,61,96,8.59
Dairy,11,158,85,9.05
Dairy,5,73,68,27.06
Frozen,67,89,52,0.93
Frozen,31,116,36,1.0
Beverage,45,40,96,0.0
Frozen,63,137,17,0.0
Produce,9,149,66,10.01
Bakery,56,43,82,2.1
Bakery,22,168,49,6.4
Beverage,25,14,99,0.31
Frozen,48,133,80,2.84
Frozen,6,133,41,10.47
Pantry,52,89,23,0.0
Pantry,15,39,14,2.93
Frozen,76,158,40,0.05
Pantry,80,33,64,0.19
Meat,39,25,80,0.0
Beverage,72,117,51,1.8
Beverage,50,141,55,1.21
Dairy,52,183,96,1.98
Beverage,29,149,37,0.59
Beverage,52,155,32,0.88
Bakery,10,28,51,14.07
Frozen,69,13,86,0.0
Bakery,65,26,42,3.24
Dairy,79,41,19,0.88
Produce,56,94,67,1.25
Pantry,51,69,7,0.0
Pantry,41,65,59,0.0
Frozen,65,141,5,0.0
Dairy,33,79,16,0.27
Meat,84,142,29,2.41
Beverage,28,95,64,0.0
Meat,86,26,89,2.26
Bakery,58,118,7,0.63
Produce,7,94,9,18.86
Beverage,73,192,79,2.47
Beverage,52,93,81,0.6
Meat,27,50,28,3.39
Bakery,81,188,71,0.0
Bakery,44,83,97,2.18
Meat,60,54,70,2.41
Pantry,24,12,85,4.68
Produce,49,56,49,0.0
Frozen,68,109,88,1.87
Pantry,72,83,75,1.82
Beverage,18,44,81,5.03
Frozen,59,46,17,0.4
Bakery,67,138,51,2.1
Dairy,3,161,38,31.61
Bakery,79,185,66,0.0
Produce,89,75,50,1.96
Produce,18,66,27,0.02
Frozen,3,40,20,20.15
Produce,81,191,28,1.4
Produce,82,128,77,0.0
Meat,27,197,92,1.28
Dairy,25,20,19,0.0
Bakery,10,146,25,8.79
Frozen,59,146,49,2.66
Produce,58,118,15,3.45
Beverage,59,45,93,5.11
Bakery,9,113,42,16.86
Meat,32,189,48,0.0
Dairy,40,72,35,0.65
Bakery,29,99,90,0.0
Frozen,58,139,65,0.0
Pantry,48,127,77,0.21
Produce,79,65,7,1.86
Beverage,47,67,91,0.0
Produce,7,21,17,14.94
Frozen,42,82,8,0.0
Dairy,20,28,16,0.26
Meat,68,128,89,0.39
Produce,41,97,32,0.0
Beverage,34,186,2,1.33
Pantry,68,128,34,0.0
Produce,49,47,21,0.0
Beverage,14,111,91,5.91
Beverage,12,160,8,8.44
Dairy,69,41,45,0.0
Dairy,16,52,85,7.51
Meat,69,40,37,2.95
Frozen,25,73,5,1.63
Pantry,22,89,54,1.5
Meat,60,69,52,0.0
Beverage,10,99,67,7.5
Frozen,57,142,36,2.49
Bakery,80,164,76,0.0
Produce,14,79,82,5.26
Meat,77,175,91,0.0
Bakery,56,49,37,3.39
Dairy,87,81,72,0.18
Frozen,87,61,80,0.0
Meat,39,178,67,4.33
Frozen,23,136,54,3.5
Frozen,30,67,88,0.99
Produce,4,24,93,29.43
Pantry,21,61,49,3.28
Beverage,51,17,61,2.68
Pantry,54,107,61,0.0
Meat,86,45,57,0.0
Pantry,49,77,5,2.07
Dairy,18,178,52,0.0
Pantry,25,31,4,1.33
Meat,20,35,81,1.62
Beverage,27,136,58,3.57
Frozen,29,188,88,0.23
Beverage,23,22,81,1.78
Bakery,19,15,22,4.2
Pantry,21,94,50,5.4
Meat,68,70,37,0.0
Pantry,79,17,65,0.0
Dairy,30,48,84,0.0
Bakery,30,144,18,0.0
Bakery,31,163,79,1.8
Frozen,2,73,49,23.25
Frozen,1,13,25,28.37
Produce,14,133,63,6.47
Frozen,4,137,25,19.5
Frozen,16,25,3,0.0
Beverage,69,99,91,2.94
Produce,54,88,56,0.0
Pantry,69,193,51,1.78
Meat,12,106,55,7.05
Bakery,43,115,39,0.26
Dairy,16,141,38,2.28
Bakery,8,52,19,15.79
Dairy,70,148,27,0.0
Meat,13,153,72,5.7
Produce,59,143,11,0.61
Produce,63,31,76,0.0
Bakery,84,45,21,0.0
Pantry,64,82,0,0.0
Beverage,51,19,76,0.0
Dairy,82,32,30,0.0
Produce,33,124,99,1.36
Meat,61,166,86,0.0
Bakery,8,93,92,17.81
Pantry,61,82,53,0.0
Meat,33,62,31,0.0
Bakery,36,33,24,0.0
Beverage,9,68,5,10.27
Dairy,39,177,71,0.01
Produce,5,121,93,27.8
Produce,32,18,88,0.34
Dairy,19,11,31,0.37
Frozen,41,67,94,0.0
Dairy,43,31,14,1.3
Bakery,16,89,64,2.47
Produce,30,94,57,0.0
Beverage,38,105,1,0.35
Produce,24,97,19,0.77
Beverage,54,120,17,0.0
Produce,7,35,89,12.61
Dairy,36,165,87,1.24
Bakery,87,100,5,0.0
Bakery,47,174,32,0.0
Dairy,87,113,59,0.0
Pantry,34,69,98,0.97
Dairy,84,100,66,0.0
Bakery,85,33,73,0.0
Frozen,44,192,53,0.76
Dairy,2,148,85,44.35
Bakery,46,187,76,0.63
Dairy,3,100,5,50.0
Dairy,16,87,21,8.76
Meat,50,106,18,0.68
Meat,36,81,82,1.99
Beverage,81,135,26,0.0
Pantry,78,46,31,0.38
Bakery,72,88,48,0.71
Meat,68,45,72,0.0
Bakery,17,108,97,7.03
Produce,57,38,59,0.0
Meat,13,45,65,4.74
Pantry,1,160,11,50.0
Dairy,48,21,45,0.23
Beverage,22,23,53,0.0
Pantry,76,175,64,1.07
Produce,78,159,92,0.0
Dairy,34,144,45,1.65
Frozen,81,156,1,0.0
Bakery,68,176,57,2.21
Beverage,33,52,47,0.0
Bakery,7,65,99,15.42
Frozen,64,76,39,0.51
Beverage,66,102,44,0.0
Dairy,81,102,29,0.0
Dairy,66,35,78,0.0
Bakery,32,179,1,4.28
Frozen,74,37,32,0.0
Beverage,61,173,13,0.0
Produce,63,164,27,0.0
Produce,9,56,24,11.42
Meat,76,96,81,1.69
Frozen,78,28,5,0.74
Bakery,74,152,38,1.2
Bakery,50,153,47,0.0
Produce,43,180,61,0.92
Meat,40,87,97,1.6
Frozen,52,60,18,0.0
Pantry,80,179,6,0.0
Beverage,53,172,93,0.0
Beverage,10,31,55,6.87
Pantry,78,19,27,0.0
Pantry,3,20,88,21.23
Produce,58,185,63,1.99
Beverage,22,189,29,5.17
Dairy,34,191,68,0.0
Dairy,76,83,25,0.0
Beverage,63,104,5,0.16
Frozen,73,14,92,0.0
Frozen,67,41,92,1.95
Produce,22,77,54,4.22
Frozen,7,32,3,9.24
Frozen,34,181,25,0.0
Frozen,57,145,59,0.0
Pantry,46,190,78,0.54
Bakery,44,11,80,0.0
Beverage,19,155,97,0.94
Frozen,8,58,9,11.11
Produce,77,171,66,0.0
Pantry,24,199,34,2.85
Dairy,78,68,9,0.0
Pantry,38,157,56,0.0
Frozen,83,193,56,0.0
Dairy,74,39,87,0.92
Pantry,54,129,62,2.74
Meat,20,58,68,2.81
Produce,77,115,47,1.05
Bakery,41,89,22,0.0
Beverage,34,23,44,0.0
Bakery,42,141,83,0.0
Beverage,86,48,4,0.0
Frozen,85,163,44,0.0
Meat,34,45,60,0.0
Frozen,14,115,9,4.52
Meat,69,25,89,2.26
Dairy,60,51,43,0.0
Pantry,34,111,73,0.32
Pantry,4,20,18,22.4
Pantry,62,72,32,1.74
Beverage,16,29,26,1.99
Dairy,15,178,70,4.93
Beverage,5,142,47,17.86
Dairy,38,75,68,0.0
Pantry,75,134,47,0.0
Produce,24,39,81,4.89
Dairy,49,182,8,0.0
Pantry,16,172,74,5.27
Dairy,36,190,31,3.77
Meat,32,198,43,0.0
Meat,1,199,19,50.0
Meat,70,114,7,0.12
Bakery,53,181,35,0.0
Bakery,59,117,33,0.0
Dairy,67,115,78,0.63
Frozen,48,91,60,0.42
Dairy,41,132,67,0.0
Frozen,47,35,94,0.0
Frozen,48,178,94,2.91
Bakery,24,66,74,0.0
Produce,60,136,21,0.13
Meat,83,72,43,1.67
Bakery,41,152,35,1.69
Frozen,58,149,48,1.02
Dairy,68,133,25,0.0
Bakery,36,102,89,0.0
Meat,57,41,55,0.0
Meat,81,183,30,0.0
Produce,1,36,34,46.44
Dairy,21,11,86,3.76
Bakery,24,98,44,0.14
Bakery,24,23,49,0.11
Dairy,66,50,5,0.0
Produce,62,92,65,0.0
Dairy,1,113,80,47.07
Frozen,75,164,77,2.63
Dairy,31,166,75,0.0
Dairy,31,148,24,0.0
Produce,71,186,78,0.0
Bakery,23,38,50,3.8
Pantry,33,101,22,0.0
Pantry,58,71,73,0.27
Meat,13,100,79,7.12
Produce,27,140,62,0.0
Pantry,17,22,22,3.74
Pantry,44,164,34,0.0
Pantry,9,129,12,7.9
Beverage,12,168,27,6.37
Bakery,52,75,83,0.0
Produce,55,35,31,0.0
Dairy,61,150,75,2.03
Beverage,64,190,24,0.0
Produce,47,100,30,0.0
Beverage,65,10,21,0.0
Dairy,31,174,7,1.77
Pantry,4,194,92,26.35
Meat,46,93,58,0.0
Beverage,37,22,46,2.09
Produce,72,31,50,0.62
Bakery,2,41,96,43.88
Dairy,47,144,8,4.06
Dairy,7,195,31,16.47
Dairy,44,41,30,0.0
Produce,75,115,72,0.0
Frozen,4,126,91,21.43
Bakery,84,181,54,0.09
Pantry,64,138,58,1.79
Frozen,8,167,8,16.14
Produce,13,189,12,9.74
Produce,46,197,97,2.69
Bakery,69,96,12,0.0
Produce,56,101,10,2.95
Dairy,65,191,18,2.3
Produce,9,84,0,23.63
Produce,17,152,59,2.24
Bakery,11,181,5,14.84
Meat,42,43,5,0.0
Meat,76,173,46,0.0
Meat,22,139,71,4.44
Pantry,69,81,31,1.6
Beverage,35,43,44,0.0
Meat,78,20,88,0.0
Meat,66,165,74,0.0
Meat,31,138,86,0.13
Produce,65,174,75,0.0
Meat,4,148,5,50.0
Dairy,70,76,38,0.0
Frozen,50,79,62,0.0
Beverage,16,32,51,4.77
Dairy,20,116,26,4.01
Beverage,7,106,36,9.6
Frozen,69,127,61,0.0
Produce,34,72,25,0.69
Dairy,89,115,20,0.0
Meat,53,25,81,0.6
Produce,8,55,43,11.01
Dairy,3,177,0,50.0
Bakery,54,190,31,0.0
Dairy,9,196,30,14.62
Meat,77,74,99,0.0
Produce,51,182,33,0.0
Dairy,60,83,64,0.4
Dairy,61,14,70,0.61
Beverage,6,53,32,18.12
Pantry,13,138,34,6.98
Pantry,9,56,26,8.66
Dairy,79,47,83,0.43
Produce,55,171,32,0.02
Pantry,50,77,92,1.97
Produce,29,199,9,0.0
Meat,78,175,83,3.74
Produce,39,135,84,0.0
Produce,56,86,62,1.13
Bakery,42,29,41,0.07
Meat,17,14,9,3.98
Pantry,53,75,63,1.31
Beverage,87,28,47,0.0
Beverage,81,112,72,1.59
Frozen,80,170,23,0.0
Dairy,10,43,40,11.18
Pantry,46,127,27,0.0
Frozen,3,133,81,16.05
Produce,43,118,84,0.0
Bakery,70,52,14,1.25
Pantry,59,143,15,0.0
Beverage,54,132,55,3.44
Dairy,60,130,86,2.48
Bakery,73,197,94,0.0
Meat,46,99,48,3.17
Pantry,34,146,11,2.11
Pantry,16,32,19,4.21
Meat,56,87,99,5.86
Beverage,22,78,39,3.13
Dairy,16,30,37,4.84
Bakery,77,115,11,0.0
Beverage,41,164,88,0.0
Bakery,2,22,42,45.21
Pantry,68,40,79,0.0
Pantry,9,180,21,8.31
Bakery,25,78,73,1.92
Meat,47,138,41,1.15
Beverage,11,176,70,6.93
Produce,48,87,19,0.0
Dairy,2,55,6,38.09
Bakery,82,40,71,0.93
Beverage,84,124,68,1.01
Pantry,78,86,92,0.11
Produce,22,192,90,3.0
Beverage,39,132,51,1.3
Beverage,43,109,41,2.12
Dairy,14,153,51,7.36
Meat,13,111,77,8.6
Dairy,64,196,44,1.59
Frozen,51,82,78,0.0
Beverage,71,91,32,0.16
Beverage,25,29,0,1.92
Frozen,71,180,97,0.74
Produce,19,70,22,5.38
Meat,23,115,27,2.2
Dairy,28,123,25,0.0
Meat,41,92,16,1.88
Beverage,79,106,97,2.87
Pantry,51,16,27,1.41
Frozen,66,66,25,0.0
Dairy,17,191,36,4.47
Dairy,71,115,27,0.93
Dairy,15,125,81,4.71
Bakery,45,182,73,0.17
Meat,59,71,19,0.0
Frozen,89,188,68,0.18
Dairy,25,101,6,1.11
Produce,30,142,93,0.0
Meat,66,131,64,0.0
Beverage,70,69,35,0.32
Beverage,71,78,7,0.04
Produce,9,49,6,10.81
Beverage,45,134,11,0.0
Pantry,85,54,66,0.0
Beverage,7,98,84,10.22
Meat,56,99,68,2.04
Frozen,49,60,60,1.25
Frozen,23,172,37,1.7
Pantry,8,115,59,10.29
Dairy,26,156,90,0.0
Pantry,84,118,50,0.0
Beverage,37,38,95,1.17
Produce,32,145,0,0.0
Pantry,6,72,26,17.67
Meat,11,105,86,12.12
Produce,32,129,22,0.0
Meat,31,33,16,0.0
Pantry,67,100,59,0.57
Dairy,55,12,35,0.0
Beverage,38,12,66,0.0
Pantry,66,125,17,2.7
Beverage,76,166,41,0.0
Bakery,67,21,88,3.53
Beverage,35,25,81,1.02
Dairy,45,11,6,0.97
Meat,33,135,61,0.0
Bakery,41,35,62,0.0
Pantry,60,32,15,0.39
Frozen,51,141,5,0.0
Pantry,35,27,91,0.78
Pantry,60,23,42,0.0
Produce,63,77,3,3.07
Pantry,66,130,80,2.57
Frozen,27,62,43,0.0
Frozen,37,50,67,1.08
Bakery,64,31,55,0.0
Beverage,37,34,24,2.71
Beverage,64,199,13,0.0
Pantry,56,117,8,3.32
Beverage,80,96,41,2.16
Pantry,26,170,74,4.25
Bakery,73,102,70,0.0
Pantry,82,83,20,3.32
Meat,4,182,84,36.39
Bakery,35,10,81,0.0
Dairy,11,42,71,12.23
Meat,19,63,90,0.0
Pantry,3,23,18,25.01
Beverage,35,129,44,0.0
Produce,20,42,94,0.0
Dairy,25,161,66,1.94
Dairy,86,34,45,0.0
Bakery,28,73,73,0.0
Dairy,56,47,79,0.0
Produce,69,120,75,0.0
Dairy,85,81,35,0.0
Produce,36,167,11,0.55
Pantry,38,149,16,1.73
Bakery,70,146,8,0.0
Bakery,8,135,85,15.12
Frozen,5,182,60,15.6
Pantry,58,116,31,0.0
Meat,32,195,61,1.34
Frozen,75,44,83,0.0
Meat,73,81,67,1.19
Pantry,88,161,99,2.5
Produce,83,13,13,0.47
Pantry,60,164,35,0.0
Bakery,7,92,9,17.68
Bakery,48,12,72,2.08
Bakery,57,49,52,0.2
Bakery,19,165,55,5.08
Meat,80,33,16,0.0
Bakery,48,163,51,1.61
Pantry,83,149,78,0.0
Frozen,45,35,59,0.0
Pantry,73,142,31,0.34
Meat,76,32,2,0.0
Beverage,58,138,47,0.49
Beverage,37,136,71,0.0
Dairy,40,52,74,0.15
Beverage,88,65,60,1.03
Beverage,74,88,72,1.88
Pantry,57,48,0,1.77
Meat,28,110,88,4.13
Dairy,86,198,60,0.0
Frozen,27,116,98,0.83
Beverage,15,184,21,2.26
Dairy,53,56,64,0.0
Frozen,29,175,33,0.0
Beverage,49,114,80,0.21
Pantry,70,140,88,0.0
Beverage,45,161,97,0.0
Dairy,83,103,59,4.26
Bakery,68,123,6,0.0
Produce,68,160,27,0.56
Pantry,83,151,85,0.42
Produce,87,199,39,1.05
Beverage,71,73,45,0.0
Produce,62,169,70,0.0
Beverage,80,32,14,0.97
Bakery,19,14,14,1.69
Frozen,26,45,75,0.0
Pantry,18,185,64,4.53
Meat,17,53,38,3.69
Beverage,77,143,47,0.0
Dairy,42,109,62,0.84
Frozen,78,186,87,0.0
Pantry,1,43,30,35.88
Dairy,47,96,55,1.08
Frozen,18,65,62,4.97
Beverage,8,153,91,8.34
Pantry,52,87,8,1.04
Frozen,8,29,89,6.24
Pantry,22,166,76,2.76
Dairy,74,82,51,2.29
Meat,38,193,66,2.25
Meat,69,114,60,0.0
Beverage,14,63,88,6.47
Frozen,19,27,81,0.0
Bakery,23,118,26,2.12
Bakery,84,43,62,0.0
Meat,16,126,92,2.39
Pantry,63,121,9,1.58
Dairy,51,155,91,1.35
Frozen,86,31,85,0.0
Beverage,3,136,63,20.29
Bakery,24,102,27,3.68
Pantry,74,186,70,0.0
Dairy,64,42,91,1.94
Bakery,37,150,46,0.92
Meat,23,195,5,4.08
Meat,31,17,12,2.97
Produce,86,133,18,4.68
Frozen,65,178,40,0.79
Meat,58,32,70,0.99
Meat,36,87,16,0.84
Beverage,23,30,99,1.85
Pantry,88,51,72,0.0
Beverage,52,62,11,0.0
Bakery,69,119,33,0.0
Produce,85,20,34,0.0
Frozen,6,179,61,11.16
Dairy,11,188,22,13.13
Meat,17,155,85,2.02
Meat,13,33,71,4.24
Pantry,84,196,7,0.37
Beverage,15,108,17,8.82
Produce,51,23,10,1.18
Meat,5,156,99,28.45
Beverage,19,114,79,2.67
Pantry,38,12,17,0.1
Bakery,71,111,20,0.0
Dairy,58,17,13,0.0
Bakery,6,50,12,22.39
Meat,68,183,16,1.97
Dairy,76,70,33,0.0
Beverage,29,66,77,0.0
Produce,37,154,60,0.0
Produce,78,25,44,0.0
Bakery,57,184,66,0.0
Meat,24,28,17,5.05
Produce,52,75,32,0.0
Frozen,59,121,60,0.22
Beverage,84,44,76,0.0
Frozen,81,162,82,3.29
Dairy,12,179,97,12.16
Produce,73,82,35,2.57
Frozen,80,188,23,0.0
Bakery,1,174,42,50.0
Frozen,39,121,30,1.91
Beverage,29,191,38,0.0
Produce,52,44,20,0.0
Meat,33,24,77,0.25
Frozen,64,157,82,0.94
Frozen,46,58,83,2.12
Pantry,47,50,77,1.37
Beverage,6,196,29,14.29
Meat,43,19,63,0.21
Beverage,7,58,53,10.68
Produce,12,171,27,8.36
Frozen,20,51,15,0.42
Dairy,52,161,54,1.06
Frozen,50,59,51,0.24
Pantry,36,104,10,0.0
Dairy,29,64,72,0.37
Dairy,71,146,4,0.0
Produce,72,176,54,1.2
Beverage,27,63,13,0.77
Produce,1,92,55,44.26
Bakery,13,90,84,7.9
Pantry,48,110,51,0.0
Bakery,86,195,93,0.0
Pantry,49,133,32,0.91
Dairy,21,62,74,4.61
Produce,46,154,62,2.1
Frozen,67,74,30,0.0
Meat,86,135,42,0.6
Frozen,86,26,37,0.0
Bakery,51,96,48,0.0
Frozen,41,59,53,0.0
Meat,19,168,78,0.63
Beverage,56,184,8,0.0
Pantry,33,69,93,0.0
Pantry,64,159,23,2.71
Frozen,38,133,83,0.81
Dairy,61,138,48,3.26
Beverage,86,47,61,5.11
Frozen,88,61,6,0.0
Beverage,36,58,98,1.88
Beverage,27,77,6,0.0
Pantry,79,157,41,0.18
Produce,49,124,21,2.52
Dairy,55,134,89,2.61
Meat,89,31,75,1.57
Beverage,23,81,77,5.25
Produce,10,111,91,9.72
Bakery,63,78,81,0.0
Bakery,60,24,70,0.0
Beverage,83,159,11,0.24
Dairy,36,22,35,0.0
Pantry,62,160,68,0.0
Dairy,20,21,61,2.37
Frozen,70,79,39,3.05
Bakery,85,70,59,1.83
Frozen,75,175,48,0.0
Produce,25,138,41,2.6
Produce,8,68,21,13.13
Pantry,21,86,76,2.1
Bakery,88,128,22,0.0
Beverage,44,20,99,0.0
Produce,44,101,73,0.0
Meat,7,182,65,14.88
Pantry,50,191,82,1.87
Bakery,7,104,41,17.49
Frozen,68,51,16,4.12
Beverage,5,114,29,19.21
Pantry,84,65,37,3.15
Produce,9,43,89,9.84
Frozen,34,24,55,1.9
Bakery,55,143,17,0.84
Pantry,17,185,34,2.6
Bakery,51,174,64,0.0
Frozen,36,134,32,0.0
Produce,28,141,79,0.0
Meat,6,61,73,21.64
Produce,50,37,71,5.19
Dairy,44,150,18,3.07
Beverage,12,126,86,2.17
Produce,16,44,48,8.15
Meat,77,169,3,0.0
Pantry,9,112,79,8.84
Dairy,59,46,84,0.0
Beverage,78,146,48,0.13
Meat,77,105,48,0.0
Produce,33,128,95,0.0
Produce,53,40,89,0.0
Meat,74,147,74,2.83
Bakery,88,108,91,3.56
Frozen,67,14,5,1.1
Produce,54,115,80,0.0
Pantry,47,130,25,2.44
Bakery,58,46,62,1.35
Produce,11,22,71,4.18
Frozen,4,36,14,19.59
Frozen,56,95,85,0.5
Pantry,11,199,47,8.85
Beverage,63,196,11,2.43
Pantry,55,30,53,0.0
Dairy,34,113,59,1.17
Meat,4,19,69,39.0
Bakery,8,54,86,17.03
Bakery,14,133,6,8.41
Bakery,38,144,71,0.0
Dairy,84,189,97,0.0
Beverage,1,59,59,34.76
Bakery,58,164,35,2.12
Produce,1,117,23,43.57
Pantry,22,199,63,0.0
Pantry,75,131,96,2.06
Bakery,24,104,32,3.01
Bakery,15,137,74,4.33
Frozen,25,49,21,3.14
Produce,32,34,32,0.0
Meat,39,56,65,0.0
Dairy,43,12,28,0.77
Pantry,12,126,36,6.64
Frozen,80,30,96,0.0
Frozen,67,94,60,0.84
Meat,44,124,35,0.0
Meat,14,68,74,6.61
Produce,56,49,36,0.0
Pantry,51,167,35,1.04
Bakery,34,158,62,0.32
Beverage,45,128,2,0.0
Pantry,32,163,29,0.0
Dairy,80,55,17,0.28
Bakery,11,133,33,12.23
Meat,19,46,67,5.83
Produce,18,197,47,3.38
Beverage,11,125,10,9.66
Bakery,77,160,15,0.48
Produce,32,73,34,0.0
Frozen,54,180,44,0.0
Dairy,20,23,76,1.84
Meat,54,113,36,0.0
Dairy,66,72,57,0.0
Frozen,26,44,9,0.0
Frozen,77,76,33,0.0
Dairy,48,10,63,0.0
Beverage,4,13,28,24.72
Frozen,73,99,12,1.99
Pantry,41,102,49,1.81
Beverage,88,84,92,0.0
Bakery,40,34,88,0.0
Frozen,73,98,77,0.0
Pantry,3,198,82,22.89
Beverage,3,68,94,17.68
Dairy,80,128,20,0.0
Meat,7,199,14,27.07
Produce,65,76,64,0.23
Pantry,4,142,58,29.07
Frozen,35,48,96,0.0
Dairy,76,46,72,0.0
Pantry,25,170,68,3.77
Bakery,6,71,74,21.05
Meat,56,28,75,1.37
Meat,57,95,10,0.0
Produce,40,179,62,0.0
Bakery,32,62,43,0.0
Beverage,70,30,64,1.08
Meat,19,71,83,7.27
Produce,66,185,84,0.44
Bakery,1,86,86,50.0
Frozen,32,20,95,0.0
Beverage,85,39,20,0.7
Meat,3,155,14,42.95
Dairy,47,179,41,0.35
Meat,80,51,30,0.23
Frozen,43,83,64,0.0
Pantry,82,29,60,0.0
Beverage,19,76,97,3.13
Bakery,53,38,36,0.0
Pantry,66,41,45,1.82
Produce,1,198,14,50.0
Beverage,51,129,84,0.0
Beverage,20,112,93,1.62
Meat,25,65,47,0.9
Frozen,78,59,15,0.08
Dairy,34,190,40,0.0
Dairy,21,141,41,3.97
Dairy,54,17,80,0.0
Meat,24,30,8,4.16
Frozen,21,16,57,1.89
Dairy,64,17,0,0.0
Bakery,33,83,19,0.0
Produce,41,89,59,0.0
Bakery,76,48,52,0.0
Meat,58,61,12,3.52
Meat,3,146,38,37.67
Meat,33,35,9,0.0
Produce,23,119,41,1.61
Meat,19,174,80,5.35
Produce,62,193,92,2.6
Dairy,86,156,32,3.23
Produce,59,126,91,0.0
Pantry,52,93,93,0.0
Bakery,79,43,26,0.0
Beverage,71,94,44,0.0
Dairy,49,105,7,1.15
Dairy,87,69,29,1.19
Beverage,22,165,16,2.19
Pantry,51,184,89,0.0
Beverage,75,185,95,2.57
Pantry,45,43,67,0.0
Produce,3,143,97,31.75
Meat,21,164,6,4.76
Pantry,44,74,44,0.34
Frozen,23,90,8,0.0
Pantry,1,101,6,50.0
Pantry,24,146,71,3.06
Bakery,70,73,33,0.0
Produce,76,175,15,0.0
Produce,58,127,44,0.0
Bakery,69,181,82,1.07
Bakery,88,161,6,0.59
Dairy,57,89,82,0.0
Bakery,80,157,99,0.0
Produce,24,161,27,1.66
Meat,11,91,50,9.9
Frozen,53,48,82,1.56
Frozen,19,98,93,4.48
Beverage,54,173,18,0.0
Beverage,38,50,53,2.92
Beverage,39,71,41,1.25
Pantry,4,158,27,23.3
Beverage,70,77,92,2.04
Dairy,85,31,17,0.0
Pantry,20,82,57,1.9
Beverage,55,103,25,0.0
Meat,71,183,16,1.09
Meat,70,83,74,2.72
Dairy,63,75,25,0.0
Beverage,82,62,99,6.68
Meat,52,76,36,0.14
Pantry,39,130,54,1.15
Meat,42,178,70,0.0
Produce,61,159,12,0.0
Pantry,61,13,30,0.14
Produce,83,195,0,0.0
Produce,85,106,61,0.0
Meat,14,177,49,8.02
Beverage,88,166,94,0.0
Frozen,54,109,9,0.0
Meat,46,92,9,1.72
Bakery,24,20,86,5.1
Dairy,23,143,77,5.82
Pantry,83,147,74,3.54
Meat,83,112,47,3.07
Pantry,14,80,18,3.06
Meat,48,183,46,0.08
Frozen,54,79,79,3.94
Dairy,7,125,46,16.13
Bakery,82,51,90,0.0
Dairy,4,103,15,35.92
Frozen,24,49,63,0.87
Bakery,76,163,58,1.98
Bakery,5,146,40,26.05
Produce,27,98,96,1.02
Meat,41,57,19,0.0
Meat,21,91,53,3.07
Pantry,62,73,54,0.0
Produce,42,157,40,0.38
Pantry,62,71,25,0.0
Meat,29,23,92,0.0
Meat,11,100,75,8.2
Dairy,72,160,51,2.22
Bakery,8,158,7,29.6
Beverage,28,107,74,0.0
Dairy,13,29,86,6.67
Frozen,3,173,42,20.59
Bakery,18,161,64,2.83
Beverage,58,198,7,3.23
Beverage,39,71,19,2.01
Bakery,73,126,49,0.0
Bakery,63,147,35,0.91
Bakery,10,185,67,10.06
Beverage,63,59,54,0.0
Produce,18,182,78,0.0
Meat,9,47,42,14.16
Produce,77,137,25,3.29
Pantry,57,87,28,0.0
Frozen,83,107,79,1.56
Bakery,59,47,41,4.27
Meat,67,79,76,0.0
Bakery,34,52,3,3.15
Bakery,71,136,62,0.0
Produce,36,128,71,0.0
Pantry,79,14,99,0.0
Produce,11,27,44,11.13
Beverage,17,94,94,3.44
Produce,17,166,62,1.85
Pantry,39,199,92,0.0
Frozen,12,142,89,2.96
Beverage,69,195,55,0.0
Produce,62,61,90,0.67
Produce,5,56,57,22.66
Produce,65,16,25,0.0
Meat,11,45,56,12.53
Frozen,4,191,57,20.28
Produce,10,104,98,6.27
Meat,79,35,52,0.0
Beverage,51,198,54,0.0
Frozen,82,19,89,1.02
Pantry,1,21,65,32.86
Meat,38,56,14,2.52
Meat,24,175,73,2.98
Dairy,18,15,24,1.42
Dairy,45,148,85,0.0
Frozen,76,11,49,0.87
Pantry,8,27,75,9.99
Beverage,88,33,34,0.0
Bakery,61,86,10,0.17
Beverage,39,84,13,0.17
Produce,21,188,70,1.49
Beverage,31,77,84,0.4
Frozen,39,179,1,0.0
Frozen,46,69,98,0.0
Produce,73,150,11,0.84
Frozen,53,161,74,0.0
Produce,21,117,20,1.38
Frozen,65,19,71,0.0
Beverage,80,88,17,1.37
Produce,62,21,18,0.64
Beverage,88,195,72,0.0
Beverage,62,103,25,0.01
Pantry,34,190,9,1.97
Beverage,31,143,32,0.0
Pantry,32,76,77,0.0
Frozen,45,91,34,0.0
Pantry,64,48,76,0.0
Meat,75,135,2,1.39
Bakery,35,32,62,0.36
Bakery,4,172,0,50.0
Meat,60,99,0,0.22
Bakery,59,115,88,0.0
Frozen,28,60,24,0.0
Frozen,23,129,90,0.38
Dairy,74,136,19,0.0
Meat,36,56,83,0.2
Frozen,42,136,14,0.15
Dairy,17,102,53,4.52
Frozen,15,46,17,3.15
Meat,36,175,94,0.0
Meat,67,132,42,2.18
Bakery,25,133,77,1.96
Bakery,28,188,41,0.0
Pantry,19,190,67,3.42
Bakery,28,77,60,0.0
Pantry,31,78,21,0.9
Beverage,8,65,22,8.01
Frozen,52,172,52,0.0
Meat,2,195,14,50.0
Dairy,52,150,6,0.0
Frozen,87,196,74,0.0
Bakery,86,146,54,0.0
Dairy,18,83,90,3.96
Frozen,26,81,44,1.88
Bakery,87,155,0,0.73
Frozen,2,133,5,43.18
Produce,73,161,90,0.0
Beverage,76,36,36,0.6
Produce,22,160,92,0.69
Beverage,64,60,73,0.0
Produce,13,159,24,5.86
Beverage,82,90,43,0.0
Beverage,62,118,68,0.0
Pantry,82,58,16,1.47
Dairy,27,153,31,1.49
Meat,79,30,18,1.76
Dairy,32,52,66,0.76
Meat,14,199,58,4.68
Frozen,12,54,57,2.94
Frozen,80,147,17,0.0
Meat,77,103,74,2.16
Beverage,36,23,95,2.12
Produce,38,198,55,4.77
Dairy,10,18,6,11.82
Produce,39,184,99,1.35
Frozen,77,99,20,0.77
Pantry,19,13,46,3.29
Bakery,61,26,61,0.0
Dairy,55,139,73,0.95
Dairy,33,155,24,2.4
Dairy,86,97,58,0.0
Produce,35,163,62,0.0
Frozen,68,183,23,0.0
Beverage,29,77,3,0.0
Pantry,51,149,83,0.0
Frozen,67,83,79,0.48
Beverage,39,11,14,0.0
Beverage,10,23,65,5.99
Beverage,9,121,33,7.29
Dairy,64,148,2,4.54
Meat,79,94,95,0.45
Meat,52,57,85,1.65
Beverage,45,22,15,0.0
Dairy,44,178,36,0.77
Pantry,13,72,82,6.36
Frozen,37,148,72,0.0
Meat,6,108,43,20.06
Bakery,20,145,69,2.94
Meat,64,89,39,2.74
Pantry,77,185,22,0.0
Dairy,75,57,40,0.27
Bakery,21,148,29,5.86
Produce,59,195,44,0.0
Dairy,18,155,96,4.58
Meat,27,77,60,1.46
Frozen,89,179,78,0.0
Meat,86,33,38,2.69
Frozen,81,69,82,0.0
Produce,60,125,6,0.44
Bakery,28,95,72,0.58
Frozen,27,167,85,0.07
Dairy,53,48,34,0.3
Meat,13,145,99,4.85
Bakery,18,132,10,8.07
Frozen,74,13,16,0.0
Frozen,7,118,30,8.24
Dairy,86,14,70,0.47
Meat,1,192,64,50.0
Frozen,39,51,73,0.0
Produce,71,75,66,0.45
Frozen,58,12,99,2.88
Frozen,1,151,66,28.33
Meat,26,97,14,1.2
Frozen,56,142,62,1.72
Meat,51,65,0,1.05
Dairy,29,14,5,2.68
Produce,17,126,25,6.34
Meat,68,106,57,0.36
Beverage,70,192,32,0.83
Frozen,76,60,14,1.48
Meat,1,41,62,48.73
Dairy,55,61,64,1.02
Dairy,19,21,89,1.95
Meat,82,149,60,2.95
Frozen,44,99,56,3.66
Produce,46,176,30,0.35
Dairy,70,42,54,0.0
Dairy,17,124,68,6.12
Produce,79,59,36,0.0
Beverage,3,77,96,22.02
Dairy,12,195,28,6.25
Frozen,83,49,21,0.0
Bakery,30,51,22,0.0
Pantry,86,11,55,6.65
Pantry,38,48,85,0.16
Dairy,31,118,85,0.0
Beverage,62,109,94,4.47
Beverage,36,139,3,2.13
Dairy,8,180,67,15.22
Beverage,78,120,59,0.0
Pantry,49,95,62,0.0
Produce,54,175,43,3.73
Bakery,66,13,80,2.52
Meat,8,162,5,28.33
Produce,79,132,55,0.14
Produce,44,179,78,1.84
Produce,41,110,1,0.33
Beverage,87,151,52,2.08
Dairy,31,70,69,0.59
Beverage,1,88,29,31.37
Frozen,48,17,58,0.0
Frozen,38,151,63,0.0
Dairy,15,194,35,6.15
Meat,81,45,20,0.88
Beverage,81,64,31,0.0
Pantry,13,83,90,8.14
Produce,11,168,77,6.73
Produce,76,159,32,0.0
Dairy,55,147,59,0.0
Meat,6,117,80,21.11
Frozen,40,102,48,1.82
Dairy,35,49,56,0.0
Produce,64,136,29,0.0
Pantry,74,13,53,3.28
Frozen,80,126,6,0.0
Meat,58,16,97,0.0
Meat,75,37,69,5.02
Beverage,20,147,96,3.43
Dairy,8,158,93,14.12
Bakery,10,17,55,13.36
Pantry,60,177,64,0.0
Produce,43,138,50,0.0
Frozen,8,180,71,7.59
Pantry,10,70,76,9.26
Dairy,86,183,55,0.0
Meat,56,51,66,2.47
Meat,66,41,70,0.0
Beverage,69,76,53,0.0
Meat,22,186,55,0.49
Produce,33,33,68,0.0
Meat,88,111,12,0.0
Produce,63,160,15,0.0
Frozen,2,17,21,25.61
Meat,60,106,30,0.0
Dairy,21,87,2,2.5
Dairy,49,178,80,2.69
Bakery,14,73,3,7.53
Bakery,46,66,88,0.0
Dairy,76,114,12,0.0
Meat,38,85,67,0.0
Dairy,53,11,21,1.03
Frozen,75,83,54,0.0
Bakery,7,54,80,15.75
Beverage,74,183,84,1.75
Produce,27,65,99,0.0
Bakery,32,58,22,0.0
Pantry,86,138,35,0.0
Beverage,43,28,13,0.0
Pantry,51,18,83,1.58
Frozen,87,160,58,2.27
Beverage,48,109,39,0.0
Dairy,51,116,97,1.72
Produce,62,112,42,0.0
Dairy,8,105,52,16.23
Bakery,10,39,17,12.63
Bakery,48,85,79,0.0
Meat,21,96,77,5.25
Meat,32,34,79,0.33
Dairy,42,60,60,0.03
Beverage,71,60,39,0.0
Beverage,40,29,73,4.39
Dairy,50,38,37,0.0
Pantry,32,16,85,0.0
Meat,25,136,85,1.12
Beverage,74,160,58,0.0
Dairy,45,159,8,0.87
Pantry,75,42,55,0.24
Dairy,15,108,61,2.72
Dairy,58,71,51,0.0
Beverage,87,192,34,0.83
Beverage,37,161,32,1.49
Pantry,23,54,64,1.13
Bakery,57,46,0,3.49
Beverage,81,194,52,0.0
Pantry,84,166,10,0.0
Produce,55,130,17,4.24
Dairy,32,47,34,1.93
Beverage,42,60,62,3.92
Pantry,87,37,36,0.0
Produce,46,180,26,0.0
Frozen,52,165,50,1.33
Frozen,29,123,72,0.0
Pantry,74,132,55,0.0
Bakery,33,119,0,0.0
Pantry,79,87,74,0.0
Pantry,14,102,71,1.52
Meat,32,25,52,0.0
Dairy,73,62,44,0.0
Meat,84,196,62,0.0
Beverage,62,100,16,0.0
Pantry,87,124,80,0.0
Bakery,48,87,43,0.0
Bakery,68,76,40,0.89
Frozen,2,20,92,25.84
Beverage,81,124,61,2.63
Meat,22,182,76,2.24
Dairy,13,13,16,6.34
Frozen,9,52,34,8.82
Meat,85,108,42,0.0
Meat,52,153,94,3.05
Produce,12,187,46,3.68
Dairy,61,77,38,0.0
Bakery,25,143,9,0.14
Dairy,45,169,13,0.0
Pantry,15,103,49,0.0
Meat,40,86,4,0.0
Meat,81,144,45,2.76
Beverage,61,115,5,3.75
Beverage,61,32,80,0.28
Produce,42,81,77,4.69
Beverage,24,173,31,0.0
Frozen,31,32,50,0.0
Frozen,30,96,37,0.79
Beverage,26,32,12,6.17
Dairy,51,96,49,2.45
Beverage,55,22,21,2.69
Bakery,41,118,43,0.0
Dairy,1,98,66,45.88
Dairy,56,44,58,0.0
Dairy,67,123,90,0.0
Produce,58,97,84,0.0
Dairy,37,151,37,1.78
Beverage,75,71,71,0.0
Frozen,78,90,90,2.89
Frozen,79,71,76,0.73
Frozen,82,81,42,0.0
Pantry,7,185,32,11.17
Pantry,3,60,11,26.58
Frozen,82,125,53,0.89
Bakery,16,28,64,6.72
Frozen,40,174,41,0.0
Meat,37,117,1,0.0
Frozen,32,155,83,0.0
Produce,39,39,79,0.55
Frozen,24,120,47,0.78
Dairy,58,136,67,2.07
Meat,55,110,43,0.0
Meat,78,170,51,0.0
Produce,76,93,90,0.0
Meat,30,59,79,2.32
Pantry,21,32,2,2.56
Pantry,26,63,51,0.0
Meat,27,17,92,0.0
Pantry,69,91,46,0.0
Bakery,13,196,9,11.1
Dairy,55,173,80,0.0
Frozen,7,140,97,7.44
Dairy,80,54,54,2.09
Frozen,63,19,98,0.0
Meat,41,125,65,1.29
Beverage,68,84,72,0.69
Meat,20,179,7,2.95
Dairy,75,27,83,0.0
Produce,61,37,17,3.4
Frozen,9,154,88,6.19
Produce,79,34,95,0.02
Produce,85,174,12,2.43
Bakery,84,134,95,0.0
Frozen,80,103,48,0.0
Produce,9,84,86,10.25
Frozen,33,155,32,0.0
Pantry,61,168,69,0.0
Produce,80,46,40,1.43
Produce,47,149,5,1.4
Dairy,64,147,26,0.19
Meat,22,22,36,2.81
Produce,53,176,86,2.23
Meat,28,126,24,0.0
Pantry,89,14,37,0.0
Bakery,22,71,94,0.52
Produce,26,145,3,2.31
Meat,21,155,25,5.55
Produce,87,37,29,0.0
Beverage,68,72,95,0.0
Pantry,40,38,43,0.0
Frozen,32,27,25,2.53
Bakery,71,160,61,2.58
Meat,73,40,90,2.61
Pantry,59,54,31,3.24
Frozen,29,79,3,2.19
Bakery,39,128,10,1.12
Beverage,16,168,62,3.43
Bakery,34,162,93,1.43
Bakery,37,135,75,0.0
Dairy,75,130,75,1.2
Frozen,57,84,19,0.0
Frozen,24,129,2,0.0
Pantry,8,104,32,8.49
Meat,17,31,34,5.98
Frozen,18,146,59,3.26
Bakery,2,159,27,47.04
Dairy,69,133,1,0.0
Pantry,71,47,49,1.46
Dairy,55,21,19,1.52
Dairy,46,123,32,0.96
Pantry,54,27,30,0.0
Produce,86,78,90,0.33
Meat,4,193,13,50.0
Beverage,55,107,0,0.84
Beverage,54,127,42,1.27
Frozen,49,165,71,0.0
Beverage,61,14,57,0.0
Frozen,68,43,95,2.19
Dairy,56,172,6,1.02
Meat,34,123,23,2.97
Bakery,4,37,62,34.07
Produce,9,48,34,12.92
Produce,70,142,61,0.0
Bakery,73,61,44,0.0
Frozen,78,31,22,0.0
Produce,82,69,77,0.0
Beverage,56,179,16,2.17
Dairy,38,165,93,0.85
Dairy,54,198,99,0.12
Bakery,26,68,32,2.77
Bakery,55,47,36,0.96
Beverage,70,73,0,1.71
Frozen,64,144,77,1.16
Bakery,51,125,7,0.0
Bakery,3,94,5,50.0
Beverage,2,166,9,50.0
Bakery,5,131,18,30.64
Bakery,19,71,5,7.88
Produce,70,182,49,0.0
Bakery,88,81,61,0.0
Beverage,22,140,33,2.47
Pantry,85,143,90,0.0
Bakery,58,180,2,0.0
Pantry,6,18,65,14.97
Beverage,13,172,79,5.03
Produce,55,26,40,0.0
Beverage,57,70,59,0.0
Produce,88,165,55,0.0
Meat,65,135,21,1.46
Dairy,66,109,11,0.0
Produce,60,196,85,0.0
Meat,87,139,77,0.02
Beverage,61,143,23,0.0
Pantry,45,119,36,0.87
Dairy,77,105,18,0.0
Meat,42,79,72,0.0
Bakery,47,113,6,0.73
Bakery,40,120,64,0.38
Bakery,14,115,63,5.72
Pantry,7,42,55,9.15
Meat,79,93,46,0.16
Dairy,83,96,1,0.0
Pantry,67,167,21,0.0
Beverage,7,152,15,14.92
Produce,25,62,16,1.6
Pantry,67,62,83,0.0
Bakery,44,113,32,1.76
Pantry,58,169,64,1.54
Beverage,86,189,65,0.2
Produce,81,122,7,1.36
Produce,77,119,95,0.0
Dairy,84,171,47,0.0
Dairy,61,46,40,0.62
Frozen,23,93,40,0.51
Beverage,73,99,69,0.0
Meat,27,132,99,2.47
Meat,58,115,22,0.0
Beverage,16,111,69,4.98
Bakery,88,192,61,3.73
Pantry,73,104,99,0.18
Beverage,59,194,87,2.63
Dairy,63,193,7,0.73
Dairy,78,21,72,3.06
Frozen,43,28,11,0.0
Bakery,11,128,47,14.38
Dairy,30,172,57,0.0
Beverage,88,21,60,1.24
Produce,74,139,9,4.34
Pantry,22,96,64,0.0
Frozen,27,155,68,1.47
Produce,73,176,51,1.88
Pantry,36,129,95,1.91
Produce,60,105,5,2.46
Produce,6,64,19,17.06
Beverage,46,57,82,0.0
Frozen,55,22,44,0.0
Pantry,47,20,29,0.41
Dairy,36,91,18,0.0
Beverage,4,98,56,19.97
Beverage,83,181,28,4.6
Pantry,61,69,21,3.51
Produce,78,89,19,3.15
Beverage,36,109,8,1.1
Bakery,49,81,92,0.0
Beverage,58,40,85,1.2
Pantry,84,42,80,1.3
Bakery,73,196,50,1.44
Produce,16,109,7,5.28
Frozen,48,189,7,0.13
Bakery,37,152,20,1.94
Frozen,79,58,46,0.0
Bakery,35,88,20,0.0
Dairy,73,168,56,2.07
Meat,81,11,15,0.0
Bakery,59,133,37,0.0
Dairy,8,140,56,14.17
Frozen,9,40,78,9.07
Produce,33,13,37,0.13
Meat,17,77,65,2.17
Bakery,26,113,17,2.72
Produce,31,49,91,0.21
Meat,14,84,25,2.46
Pantry,14,57,51,2.96
Pantry,3,127,5,45.79
Beverage,84,131,61,0.0
Dairy,35,63,53,0.0
Beverage,84,85,64,3.94
Bakery,40,179,76,0.52
Produce,9,123,75,14.11
Dairy,67,15,89,0.0
Bakery,35,148,26,0.0
Meat,72,141,41,0.0
Meat,33,83,44,2.37
Bakery,29,145,91,0.9
Produce,5,171,86,22.21
Pantry,46,112,3,0.38
Produce,41,105,16,1.78
Meat,19,68,39,3.16
Beverage,81,158,94,0.62
Frozen,59,92,16,0.0
Bakery,28,142,69,0.0
Beverage,2,109,1,50.0
Dairy,58,158,58,0.03
Bakery,21,160,15,6.52
Dairy,51,196,76,0.8
Pantry,65,126,88,0.84
Bakery,66,50,41,1.85
Beverage,80,82,37,0.0
Meat,56,113,2,0.31
Produce,74,116,62,0.0
Pantry,87,124,15,0.0
Meat,37,190,89,0.0
Produce,3,159,92,30.37
Pantry,1,84,35,37.89
Frozen,12,10,14,3.04
Bakery,11,41,54,11.42
Dairy,33,165,96,0.0
Frozen,52,82,66,0.5
Frozen,83,53,59,1.63
Bakery,87,82,3,0.0
Frozen,62,32,60,1.04
Meat,62,190,39,0.0
Produce,31,182,41,0.0
Bakery,73,196,91,0.0
Frozen,61,198,24,0.12
Frozen,14,74,69,0.9
Meat,67,139,15,0.0
Meat,63,134,88,0.0
Pantry,71,76,39,2.84
Meat,16,161,66,4.22
Dairy,62,22,16,0.0
Bakery,83,31,12,2.42
Bakery,34,144,91,0.0
Beverage,12,179,31,6.53
Pantry,56,47,45,0.0
Beverage,81,64,49,0.0
Beverage,38,88,93,0.0
Pantry,86,118,77,0.0
Beverage,83,46,45,0.0
Bakery,17,154,14,6.08
Beverage,52,95,69,0.0
Pantry,13,99,74,6.41
Pantry,37,182,51,0.0
Meat,26,165,31,0.25
Frozen,53,146,39,0.32
Produce,86,199,77,0.0
Meat,19,87,76,6.12
Meat,8,170,15,18.83
Pantry,37,61,32,1.41
Frozen,24,62,0,1.98
Frozen,59,22,97,0.09
Meat,79,69,68,1.79
Dairy,84,31,54,0.0
Bakery,7,41,75,14.93
Pantry,62,72,18,0.0
Bakery,25,15,76,3.31
Pantry,71,104,10,0.56
Bakery,60,99,22,0.0
Pantry,87,161,71,4.53
Dairy,38,84,73,0.0
Beverage,84,181,72,1.46
Frozen,55,144,64,0.0
Pantry,21,88,94,1.81
Meat,74,58,14,1.13
Beverage,50,22,59,0.45
Meat,9,133,55,12.22
Meat,62,124,79,3.32
Produce,67,29,37,1.26
Frozen,42,87,55,0.0
Beverage,79,162,72,0.0
Bakery,55,127,65,0.47
Bakery,77,44,25,0.04
Produce,30,155,19,0.0
Beverage,10,93,8,6.06
Beverage,62,17,26,0.81
Produce,80,106,14,0.0
Bakery,39,152,36,0.0
Frozen,46,113,35,0.0
Frozen,54,126,12,0.34
Produce,26,86,38,2.14
Frozen,49,57,95,1.24
Pantry,55,109,46,0.0
Bakery,21,45,11,4.9
Pantry,77,109,66,2.3
Pantry,65,79,32,0.0
Beverage,2,111,77,24.31
Produce,81,36,74,0.0
Meat,31,42,48,0.0
Bakery,58,60,28,0.0
Produce,49,52,59,0.0
Pantry,4,181,26,23.9
Produce,54,17,94,0.0
Meat,21,154,75,5.39
Frozen,45,104,80,0.0
Bakery,89,134,34,0.0
Dairy,43,108,45,0.0
Bakery,57,30,64,1.02
Beverage,4,135,92,19.79
Dairy,87,112,85,0.0
Produce,52,179,28,0.83
Produce,45,143,29,0.0
Beverage,22,189,8,2.57
Meat,84,170,21,1.19
Bakery,85,140,11,1.88
Pantry,84,158,0,0.0
Frozen,73,78,87,0.0
Beverage,16,50,87,0.0
Beverage,10,22,50,5.28
Dairy,74,128,11,2.23
Bakery,58,183,82,0.0
Produce,1,188,27,44.47
Bakery,74,157,53,0.82
Beverage,24,22,83,3.62
Beverage,63,193,67,1.26
Meat,84,173,81,0.91
Meat,37,79,50,0.0
Meat,30,124,94,0.0
Frozen,28,46,31,0.0
Pantry,12,148,28,1.8
Bakery,67,23,61,0.0
Pantry,75,140,48,1.21
Meat,69,41,53,2.87
Bakery,44,150,20,0.85
Beverage,21,124,13,1.4
Meat,18,92,14,3.73
Frozen,77,10,89,0.0
Beverage,1,179,43,31.59
Frozen,28,52,96,0.0
Meat,77,52,94,0.27
Beverage,6,112,52,12.04
Pantry,43,125,98,0.33
Dairy,29,118,93,0.0
Pantry,79,112,18,1.66
Bakery,59,115,52,0.0
Frozen,21,37,55,1.92
Bakery,80,190,0,0.0
Beverage,6,177,22,15.25
Pantry,12,95,5,10.19
Dairy,39,103,1,1.46
Pantry,70,85,50,2.03
Bakery,42,108,20,0.0
Dairy,81,116,10,0.0
Meat,49,158,54,0.54
Meat,24,173,1,4.59
Produce,36,139,81,0.0
Pantry,89,29,69,0.56
Bakery,78,155,65,0.0
Produce,53,41,1,0.0
Pantry,16,19,80,3.81
Bakery,10,158,62,11.73
Pantry,19,21,99,0.81
Bakery,51,166,0,0.0
Pantry,34,155,72,0.0
Bakery,26,79,48,0.0
Produce,65,10,65,0.0
Frozen,32,58,10,1.51
Frozen,60,129,62,0.02
Bakery,42,64,10,0.35
Produce,21,34,97,0.5
Meat,65,198,6,0.0
Bakery,10,103,31,12.73
Meat,32,50,0,0.0
Frozen,30,192,10,0.14
Pantry,78,53,72,2.31
Pantry,1,54,36,31.18
Dairy,19,37,72,1.24
Produce,1,166,27,46.57
Pantry,7,83,47,12.26
Dairy,67,32,84,0.0
Produce,57,136,25,0.51
Pantry,76,102,33,0.0
Produce,71,120,88,0.72
Pantry,22,104,26,2.87
Meat,25,102,93,2.85
Beverage,53,65,32,1.61
Frozen,48,160,25,0.0
Meat,59,126,33,0.0
Bakery,26,133,28,1.21
Beverage,1,182,65,31.35
Meat,39,59,91,2.94
Dairy,3,66,20,33.78
Pantry,63,167,88,0.27
Dairy,6,166,77,19.42
Beverage,84,76,58,0.0
Meat,20,66,56,2.81
Dairy,89,102,55,0.0
Pantry,54,38,85,5.67
Meat,44,175,19,0.75
Pantry,51,78,6,0.0
Pantry,56,85,80,0.0
Dairy,86,197,86,0.0
Frozen,54,25,62,0.12
Pantry,17,176,95,0.69
Frozen,23,102,52,1.69
Pantry,8,112,86,8.88
Bakery,40,198,86,0.0
Bakery,81,62,88,3.06
Beverage,47,88,19,0.0
Produce,60,33,32,0.0
Dairy,55,167,27,1.04
Pantry,69,107,97,2.49
Meat,16,41,70,3.54
Produce,6,81,9,21.43
Beverage,23,152,81,0.94
Meat,2,19,17,41.2
Produce,1,45,79,44.49
Dairy,83,90,25,0.0
Pantry,74,51,41,0.0
Frozen,17,196,11,3.15
Bakery,68,98,75,2.35
Bakery,20,34,36,1.94
Produce,34,195,27,1.18
Produce,55,187,82,2.17
Beverage,59,159,38,0.64
Bakery,74,92,18,0.0
Dairy,87,17,2,2.22
Bakery,16,59,9,6.95
Dairy,60,19,13,1.18
Frozen,31,54,2,0.0
Dairy,26,45,36,3.53
Dairy,77,53,55,5.49
Beverage,2,193,57,26.93
Dairy,79,170,90,0.0
Dairy,1,183,6,50.0
Frozen,61,99,42,0.0
Bakery,52,153,1,0.0
Bakery,46,166,96,0.0
Pantry,87,184,58,0.63
Frozen,84,28,30,0.0
Bakery,55,174,34,0.68
Produce,40,163,27,1.47
Pantry,19,110,48,0.48
Bakery,25,168,57,1.02
Meat,14,113,21,6.17
Bakery,24,81,55,3.57
Dairy,70,78,22,0.0
Beverage,56,173,34,4.69
Beverage,57,71,8,1.43
Dairy,34,78,11,0.0
Pantry,51,173,54,2.16
Pantry,71,196,78,0.0
Bakery,75,83,64,0.0
Beverage,87,148,48,0.0
Produce,8,56,45,8.03
Beverage,54,19,76,1.29
Pantry,12,170,29,6.29
Meat,82,39,8,2.1
Pantry,45,126,61,0.98
Produce,79,166,91,0.6
Beverage,20,106,13,4.86
Bakery,70,33,4,0.0
Pantry,22,26,64,2.52
Produce,73,180,32,0.0
Bakery,28,161,5,0.57
Beverage,14,10,23,7.47
Pantry,76,18,47,2.01
Bakery,9,84,44,13.77
Produce,53,162,48,0.0
Bakery,60,57,66,3.02
Dairy,21,104,36,4.85
Beverage,72,30,24,0.0
Dairy,82,46,18,1.7
Frozen,41,171,70,0.0
Meat,21,146,93,3.84
Beverage,79,115,45,0.0
Dairy,49,25,24,0.0
Meat,7,119,66,20.05
Pantry,30,78,97,1.71
Dairy,54,83,48,0.0
Dairy,25,163,27,0.77
Meat,28,162,94,1.71
Dairy,16,193,99,0.44
Dairy,33,174,91,3.86
Dairy,87,64,69,1.11
Dairy,43,52,54,3.22
Dairy,44,116,51,2.39
Meat,32,104,43,1.27
Produce,9,30,6,14.71
Beverage,25,41,92,2.84
Meat,52,69,48,1.58
Frozen,57,44,35,3.62
Frozen,67,140,44,0.0
Pantry,14,176,35,2.44
Meat,44,163,65,1.62
Frozen,18,77,88,3.13
Produce,88,11,57,0.0
Meat,15,134,80,1.41
Meat,33,58,24,0.61
Frozen,42,54,6,0.31
Pantry,15,58,58,3.06
Frozen,9,112,59,8.09
Beverage,56,27,77,0.0
Beverage,57,52,93,0.0
Frozen,34,32,32,0.0
Pantry,45,138,40,0.0
Frozen,33,110,31,0.0
Dairy,2,142,32,43.02
Frozen,16,169,52,3.76
Beverage,80,140,84,4.3
Dairy,39,163,82,0.0
Dairy,77,109,72,0.0
Meat,66,183,87,0.0
Bakery,22,78,14,1.91
Dairy,15,76,16,6.94
Meat,81,151,45,0.0
Produce,64,143,42,0.0
Dairy,54,182,37,0.0
Beverage,39,190,72,0.0
Pantry,5,191,55,17.3
Frozen,5,26,83,13.43
Beverage,70,146,23,0.0
Frozen,40,189,91,1.24
Meat,88,181,25,1.23
Dairy,52,113,52,0.02
Meat,58,165,67,0.0
Bakery,78,153,14,0.05
Frozen,44,47,62,0.0
Beverage,33,116,52,0.0
Frozen,75,110,58,0.0
Produce,71,147,84,0.24
Frozen,71,65,47,0.0
Bakery,89,65,90,0.0
Bakery,9,102,0,27.84
Bakery,64,81,43,1.54
Meat,64,70,8,0.12
Meat,89,25,12,3.02
Produce,21,98,47,2.8
Frozen,28,172,60,0.0
Pantry,36,37,35,1.18
Dairy,41,72,3,0.0
Pantry,84,48,80,2.18
Pantry,55,127,26,0.0
Dairy,14,159,0,9.79
Dairy,5,166,52,25.62
Bakery,24,46,99,2.41
Dairy,6,182,96,20.87
Produce,79,146,18,0.0
Bakery,53,153,95,1.78
Produce,38,130,83,0.0
Bakery,86,148,69,1.66
Beverage,56,160,67,0.0
Bakery,47,21,96,0.0
Pantry,11,172,89,6.9
Frozen,25,88,30,1.24
Produce,19,179,74,2.62
Bakery,59,53,70,0.72
Dairy,82,17,28,0.0
Frozen,14,182,69,4.1
Produce,26,176,67,0.0
Dairy,13,136,45,5.25
Meat,67,87,42,1.92
Beverage,70,197,9,0.95
Bakery,75,55,87,0.47
Frozen,62,61,6,0.0
Frozen,65,100,90,1.5
Pantry,4,42,75,25.65
Produce,30,23,44,3.58
Meat,63,113,96,2.19
Frozen,15,196,12,6.2
Produce,60,110,40,0.0
Beverage,75,47,56,0.0
Beverage,84,175,47,1.53
Pantry,11,152,11,11.43
Meat,71,55,61,1.99
Pantry,37,15,15,1.34
Meat,37,98,3,0.0
Frozen,17,74,89,5.08
Meat,29,108,89,0.0
Frozen,85,75,21,0.41
Produce,34,107,25,2.8
Frozen,56,69,46,1.3
Bakery,37,88,33,0.0
Frozen,14,135,76,3.56
Pantry,88,97,29,0.0
Produce,74,142,56,1.08
Bakery,60,16,9,0.0
Frozen,59,163,61,0.17
Bakery,12,71,95,11.0
Pantry,43,154,5,3.02
Bakery,66,15,23,0.62
Frozen,14,65,83,2.63
Frozen,57,121,50,3.66
Dairy,71,105,34,0.38
Produce,69,10,54,0.0
Produce,17,92,74,5.67
Beverage,88,168,28,2.57
Frozen,80,35,3,0.0
Pantry,65,156,17,1.68
Produce,46,194,79,1.32
Produce,84,93,13,0.59
Beverage,34,51,89,0.07
Produce,83,189,37,0.0
Produce,24,158,26,6.29
Frozen,54,74,74,0.0
Bakery,4,73,2,50.0
Dairy,71,141,91,0.18
Pantry,24,198,46,1.6
Pantry,15,138,26,0.0
Frozen,7,167,24,9.48
Pantry,60,128,45,2.26
Produce,41,43,73,0.06
Produce,77,171,88,2.23
Frozen,55,33,90,1.47
Frozen,67,143,99,0.0
Beverage,54,81,64,1.23
Bakery,72,181,84,2.56
Pantry,37,42,79,3.04
Beverage,59,110,85,0.0
Meat,84,50,36,1.53
Frozen,66,86,25,1.63
Pantry,42,74,94,1.37
Frozen,52,70,14,1.4
Bakery,1,165,52,50.0
Dairy,1,21,58,46.86
Dairy,3,169,52,33.09
Bakery,18,11,57,3.72
Frozen,56,100,43,4.84
Beverage,31,159,51,0.0
Produce,65,70,76,0.0
Pantry,72,133,1,1.16
Bakery,34,108,83,0.0
Beverage,42,63,1,0.0
Beverage,31,19,52,0.99
Beverage,59,189,33,0.0
Frozen,52,18,12,0.0
Dairy,72,150,83,0.49
Bakery,87,163,50,0.85
Pantry,30,32,61,0.0
Frozen,67,164,56,0.33
Meat,28,196,96,0.0
Meat,14,113,41,4.1
Beverage,43,151,6,0.0
Beverage,26,97,98,1.71
Beverage,39,86,12,0.26
Pantry,70,155,65,3.59
Dairy,36,137,87,1.2
Frozen,30,43,64,1.95
Pantry,11,86,63,5.44
Meat,40,141,2,2.24
Frozen,5,78,91,14.46
Frozen,59,34,93,1.48
Meat,78,160,9,0.24
Bakery,56,122,76,1.33
Beverage,88,138,38,0.13
Bakery,59,194,89,0.0
Meat,59,198,81,0.32
Produce,70,156,85,0.0
Bakery,35,155,92,0.44
Frozen,59,152,10,1.64
Bakery,73,23,82,0.0
Bakery,32,58,38,0.82
Bakery,68,50,0,0.03
Pantry,15,170,78,5.9
Pantry,49,171,83,0.0
Bakery,73,106,19,2.19
Frozen,64,56,94,2.54
Bakery,22,72,14,1.35
Meat,73,196,14,0.0
Dairy,8,22,16,13.58
Meat,81,73,83,0.0
Bakery,49,105,56,3.2
Dairy,4,113,40,35.25
Dairy,57,140,17,0.0
Frozen,1,101,97,32.53
Frozen,50,148,67,3.49
Frozen,79,140,77,0.0
Meat,1,114,96,50.0
Pantry,47,113,34,2.17
Pantry,6,79,16,12.43
Bakery,6,105,34,21.25
Frozen,29,88,89,1.41
Frozen,79,10,94,1.49
Meat,67,70,54,0.0
Bakery,39,70,17,0.0
Frozen,38,182,57,4.54
Meat,42,91,23,0.24
Beverage,77,187,94,0.44
Produce,38,172,44,2.45
Produce,80,163,15,0.0
Beverage,66,118,25,0.74
Pantry,73,166,47,0.0
Beverage,37,191,59,0.88
Bakery,40,52,44,0.0
Dairy,73,87,81,0.43
Beverage,14,149,5,6.37
Bakery,4,65,38,36.27
Frozen,75,130,83,0.0
Dairy,21,59,14,5.03
Produce,89,24,11,1.8
Beverage,86,125,59,0.0
Pantry,59,148,91,0.0
Produce,85,179,5,0.0
Frozen,31,36,45,0.0
Frozen,1,71,38,28.83
Meat,62,199,5,0.0
Meat,50,83,93,0.0
Bakery,82,35,18,2.23
Meat,30,190,43,0.0
Pantry,55,176,28,2.22
Bakery,10,60,8,12.24
Pantry,23,147,43,0.21
Meat,52,16,67,0.0
Frozen,54,157,60,3.42
Frozen,84,192,82,0.16
Meat,24,55,32,1.1
Bakery,59,95,49,0.0
Beverage,4,168,7,41.7
Dairy,64,114,66,0.23
Dairy,40,108,47,0.0
Bakery,36,196,61,0.0
Meat,56,48,55,0.0
Pantry,46,191,77,0.85
Beverage,68,182,24,0.0
Pantry,23,48,95,0.55
Beverage,63,50,25,2.49
Pantry,6,196,47,16.2
Bakery,19,100,21,0.0
Bakery,1,190,85,50.0
Beverage,10,178,69,9.93
Meat,51,191,28,0.0
Bakery,2,113,74,42.22
Beverage,61,138,10,0.0
Produce,46,106,90,3.3
Bakery,5,152,88,31.16
Pantry,73,21,45,0.98
Beverage,34,23,37,1.11
Dairy,69,127,9,1.78
Produce,59,148,70,0.0
Meat,63,36,88,3.22
Bakery,22,113,80,4.24
Produce,83,115,83,1.28
Beverage,88,185,70,0.0
Frozen,66,56,35,0.27
Frozen,31,41,39,3.78
Frozen,11,121,83,8.16
Bakery,79,130,11,0.0
Bakery,69,31,74,0.0
Meat,1,110,96,50.0
Produce,4,95,34,30.33
Frozen,5,23,6,14.25
Bakery,48,91,61,0.0
Pantry,38,170,35,0.0
Produce,42,111,38,1.12
Beverage,61,75,97,0.0
Produce,50,55,26,0.0
Meat,3,90,11,30.59
Frozen,77,36,22,6.53
Produce,43,46,39,1.19
Produce,84,33,77,2.29
Produce,53,55,20,0.0
Bakery,86,13,36,0.0
Beverage,86,135,54,0.3
Meat,19,22,37,2.11
Produce,72,72,33,0.0
Meat,75,75,52,0.0
Produce,72,66,68,0.0
Dairy,60,174,11,0.0
Frozen,30,85,15,0.78
Produce,19,49,37,3.09
Beverage,64,160,4,2.04
Meat,40,103,71,0.0
Pantry,13,136,31,4.42
Pantry,35,175,79,3.42
Pantry,7,11,90,11.13
Bakery,69,11,51,0.08
Pantry,61,88,79,0.42
Frozen,59,136,82,0.0
Frozen,78,124,49,0.0
Meat,19,119,81,2.28
Produce,17,175,65,0.93
Pantry,21,39,79,4.22
Dairy,75,10,48,0.85
Beverage,74,108,11,1.25
Bakery,34,176,3,0.0
Dairy,41,80,17,0.0
Dairy,27,143,0,3.56
Dairy,8,90,37,13.63
Pantry,61,128,23,1.71
Frozen,41,21,18,0.43
Bakery,82,49,72,0.0
Dairy,8,18,34,13.74
Beverage,41,115,28,0.0
Pantry,63,64,60,1.21
Dairy,35,153,83,0.0
Meat,57,114,32,2.25
Frozen,27,186,7,3.12
Produce,72,199,52,1.85
Frozen,41,72,59,2.35
Pantry,61,154,35,0.0
Beverage,44,17,92,1.71
Beverage,74,47,95,1.29
Dairy,39,151,10,2.83
Meat,43,26,65,0.0
Pantry,18,155,63,5.86
Dairy,8,98,70,13.64
Pantry,21,170,11,5.52
Beverage,58,145,46,1.46
Dairy,20,89,65,3.0
Frozen,47,44,0,1.41
Meat,39,72,6,0.0
Produce,86,71,54,2.19
Dairy,60,155,84,0.0
Meat,61,65,67,0.0
Produce,13,188,18,8.05
Meat,78,175,54,0.0
Produce,68,190,25,0.0
Produce,87,73,63,0.0
Dairy,75,181,9,0.65
Beverage,35,170,36,3.55
Dairy,58,22,91,0.0
Beverage,71,63,13,0.0
Beverage,69,131,54,2.05
Bakery,61,190,83,0.0
Frozen,1,168,33,28.84
Produce,54,176,90,2.07
Bakery,26,156,39,0.0
Bakery,19,11,84,3.73
Beverage,56,91,87,0.0
Dairy,20,98,57,4.54
Meat,25,143,7,5.18
Meat,56,51,14,1.65
Meat,79,74,39,0.0
Beverage,41,69,98,1.65
Meat,72,157,19,0.37
Beverage,48,91,30,0.0
Produce,79,184,16,3.52
Dairy,35,42,36,1.37
Produce,73,151,92,0.0
Pantry,32,146,85,2.34
Dairy,7,113,39,15.3
Pantry,14,157,66,3.81
Bakery,33,187,16,2.19
Bakery,21,75,37,0.35
Produce,81,131,73,0.05
Produce,7,103,46,10.38
Pantry,4,90,17,26.15
Produce,20,151,50,0.0
Frozen,64,10,92,2.65
Produce,63,133,53,2.8
Dairy,8,23,83,11.94
Frozen,50,16,10,2.57
Frozen,38,100,89,0.27
Produce,15,155,67,1.34
Beverage,86,173,66,0.0
Beverage,59,98,83,2.68
Produce,73,25,1,1.87
Meat,27,108,69,1.46
Beverage,32,88,24,0.0
Produce,30,78,57,2.42
Pantry,10,178,74,7.96
Meat,62,58,16,3.37
Meat,8,171,80,12.38
Produce,14,182,11,10.38
Produce,70,63,67,0.0
Frozen,79,99,66,0.0
Pantry,7,53,85,6.96
Meat,27,10,66,0.14
Pantry,68,109,5,1.45
Dairy,61,192,35,0.0
Produce,51,121,56,0.04
Meat,29,140,60,0.47
Pantry,40,158,69,3.68
Frozen,14,105,31,6.73
Produce,23,124,95,5.04
Produce,33,60,35,1.58
Bakery,83,124,16,0.75
Bakery,69,138,56,0.0
Beverage,18,177,89,4.14
Bakery,51,159,39,0.0
Bakery,54,160,92,1.92
Bakery,28,149,91,0.0
Meat,50,143,21,1.89
Produce,5,20,92,28.98
Frozen,42,149,54,1.32
Beverage,84,175,50,0.15
Produce,78,107,46,0.0
Meat,70,53,85,3.35
Frozen,77,40,17,0.0
Beverage,66,121,39,0.0
Frozen,30,185,35,0.59
Produce,8,39,55,10.05
Produce,66,119,87,0.0
Beverage,37,52,65,0.0
Pantry,81,187,97,0.0
Produce,35,15,58,0.2
Produce,64,21,91,0.0
Beverage,71,65,54,0.0
Meat,88,175,18,0.0
Beverage,17,117,46,0.0
Beverage,40,38,44,0.0
Produce,24,93,74,0.0
Bakery,34,65,27,2.49
Dairy,86,148,16,3.76
Meat,78,91,85,2.57
Beverage,8,41,33,13.4
Meat,23,119,4,1.13
Meat,5,104,6,50.0
Dairy,22,55,63,4.13
Dairy,28,78,93,3.21
Pantry,27,29,66,0.0
Meat,14,102,75,5.6
Pantry,51,124,39,0.0
Bakery,15,67,59,6.29
Bakery,74,186,16,0.0
Dairy,68,53,22,0.0
Pantry,89,112,10,0.0
Produce,25,168,13,3.47
Produce,80,193,0,0.0
Bakery,22,123,44,0.72
Pantry,57,133,33,1.94
Bakery,14,141,87,1.33
Dairy,52,10,72,3.16
Dairy,64,94,36,1.41
Beverage,79,76,41,6.33
Dairy,4,181,26,36.67
Produce,72,178,42,2.39
Produce,66,75,94,3.24
Pantry,34,182,48,0.0
Meat,24,51,87,6.56
Dairy,8,138,54,13.34
Pantry,83,154,80,0.0
Pantry,13,192,61,4.54
Beverage,64,89,0,0.69
Meat,53,180,87,0.14
Pantry,46,95,29,0.72
Produce,55,106,95,0.0
Beverage,35,16,74,2.01
Beverage,78,198,41,2.8
Dairy,58,103,67,0.0
Dairy,31,194,57,0.0
Meat,53,139,12,0.0
Beverage,80,87,31,0.0
Meat,11,21,66,10.28
Frozen,73,109,93,1.61
Frozen,37,35,4,0.0
Produce,78,22,34,1.2
Frozen,27,192,80,0.0
Beverage,30,13,41,0.0
Beverage,57,131,4,1.13
Produce,21,117,75,0.0
Frozen,45,102,24,0.0
Bakery,66,97,89,0.32
Frozen,38,36,10,1.51
Produce,36,160,89,0.07
Beverage,78,177,29,0.69
Beverage,37,76,71,2.64
Frozen,16,29,81,6.43
Frozen,46,95,57,0.49
Bakery,80,144,20,2.53
Pantry,21,166,40,3.09
Produce,57,72,66,0.48
Beverage,16,109,37,4.14
Beverage,56,70,17,0.0
Dairy,56,82,86,0.0
Dairy,52,49,41,0.0
Bakery,19,90,66,3.7
Beverage,58,79,44,0.0
Pantry,11,111,21,6.21
Meat,44,61,14,0.0
Frozen,13,47,81,5.97
Meat,80,170,5,0.0
Dairy,81,173,83,0.09
Dairy,51,58,37,1.03
Dairy,66,109,95,0.0
Produce,53,157,87,2.26
Dairy,79,117,43,0.6
Dairy,32,145,75,0.55
Frozen,78,48,84,0.96
Frozen,79,105,7,0.0
Beverage,28,93,69,0.0
Dairy,1,118,10,50.0
Dairy,30,159,45,0.0
Beverage,56,53,61,0.0
Frozen,73,28,1,0.0
Dairy,84,16,71,0.0
Frozen,21,22,17,0.0
Produce,22,33,13,0.0
Bakery,8,106,47,14.1
Produce,11,105,78,10.56
Frozen,63,94,54,1.48
Frozen,69,148,65,0.01
Beverage,62,46,0,0.98
Bakery,77,21,98,0.0
Meat,35,12,6,0.0
Bakery,51,16,10,0.44
Pantry,10,113,83,6.34
Meat,72,150,73,2.08
Produce,13,169,25,5.07
Meat,86,66,83,0.0
Beverage,10,111,24,10.01
Dairy,18,21,30,6.0
Pantry,62,134,66,1.31
Dairy,25,116,60,1.24
Frozen,60,63,17,3.92
Beverage,57,120,37,0.75
Bakery,54,115,96,1.92
Frozen,71,142,83,0.23
Pantry,16,185,49,4.47
Bakery,13,85,30,7.96
Bakery,3,184,37,35.91
Beverage,71,198,4,1.16
Frozen,17,183,46,0.2
Bakery,23,154,35,4.51
Pantry,20,143,86,2.88
Frozen,40,107,65,2.89
Frozen,88,74,6,0.84
Beverage,65,66,59,0.0
Meat,59,46,96,2.97
Frozen,57,99,31,4.14
Pantry,56,179,96,0.0
Beverage,43,125,85,1.22
Frozen,50,174,89,0.55
Produce,64,20,49,1.61
Bakery,87,144,49,0.04
Produce,37,17,38,0.0
Pantry,19,61,39,0.0
Meat,42,186,88,0.21
Frozen,76,18,3,4.48
Meat,78,105,24,4.55
Frozen,88,178,28,0.0
Pantry,64,155,27,0.0
Beverage,5,142,90,16.34
Meat,34,60,97,0.45
Bakery,44,130,61,0.0
Pantry,3,66,12,24.11
Frozen,36,86,48,0.0
Dairy,14,123,61,5.04
Produce,21,77,44,5.29
Beverage,32,16,11,0.0
Beverage,84,23,58,0.0
Meat,48,93,3,0.0
Meat,80,160,33,3.83
Pantry,14,193,42,0.15
Beverage,46,63,80,1.07
Produce,87,166,59,0.01
Meat,11,124,43,10.82
Frozen,18,58,77,0.97
Bakery,18,100,62,3.86
Dairy,64,39,72,0.73
Produce,49,57,18,2.54
Beverage,1,47,31,32.79
Meat,18,11,21,2.26
Meat,7,96,47,11.77
Frozen,51,146,16,0.23
Frozen,60,21,66,0.0
Meat,73,109,26,2.82
Beverage,53,124,75,0.0
Frozen,55,44,9,1.74
Meat,89,92,89,0.0
Frozen,46,70,56,0.99
Produce,69,59,57,1.04
Frozen,88,24,61,0.52
Bakery,56,183,18,0.0
Frozen,27,110,5,1.47
Frozen,67,198,79,1.97
Produce,76,129,7,6.67
Pantry,88,10,91,0.0
Beverage,8,38,37,10.5
Beverage,57,49,53,0.17
Meat,44,121,2,2.21
Produce,2,67,74,36.79
Produce,12,132,28,7.1
Meat,28,178,19,0.5
Pantry,55,189,25,3.15
Bakery,37,126,25,0.0
Produce,55,106,58,1.96
Meat,41,43,89,2.85
Meat,63,72,71,0.94
Beverage,55,50,19,0.43
Meat,75,194,24,0.0
Bakery,13,102,46,5.7
Bakery,37,69,64,2.11
Beverage,32,117,57,0.2
Produce,31,74,43,0.0
Beverage,68,141,34,0.52
Produce,12,40,5,6.77
Beverage,81,57,9,0.0
Bakery,32,144,42,0.91
Produce,28,169,68,0.0
Dairy,88,78,61,0.0
Bakery,64,157,17,0.0
Pantry,79,51,80,0.0
Pantry,64,161,87,0.09
Dairy,66,69,95,1.78
Produce,72,18,87,0.69
Dairy,79,189,22,0.0
Beverage,35,135,42,0.0
Meat,70,147,79,0.0
Pantry,51,127,26,2.54
Frozen,31,75,5,1.22
Pantry,9,137,15,10.44
Dairy,10,175,33,9.65
Bakery,50,34,78,2.95
Beverage,27,30,64,0.78
Pantry,34,70,13,0.0
Pantry,67,128,91,0.0
Frozen,63,188,11,1.86
Dairy,34,134,54,1.79
Bakery,54,72,0,1.71
Pantry,43,163,87,3.97
Dairy,42,121,99,0.0
Pantry,12,158,98,9.24
Meat,37,185,48,0.61
Bakery,36,19,94,2.19
Pantry,32,171,36,0.0
Pantry,2,86,46,33.28
Meat,32,72,38,0.0
Beverage,28,12,20,0.53
Frozen,81,20,50,0.0
Meat,11,159,90,10.35
Bakery,5,196,36,31.06
Pantry,17,90,52,5.67
Meat,74,94,96,0.62
Beverage,18,37,34,5.48
Beverage,21,51,5,0.0
Meat,60,64,47,0.66
Meat,38,54,49,2.04
Beverage,80,128,69,2.14
Meat,79,34,99,4.3
Meat,43,157,69,1.77
Bakery,21,186,11,6.1
Dairy,7,110,82,10.85
Produce,62,147,70,0.0
Produce,35,195,5,0.57
Bakery,22,50,87,2.66
Frozen,74,102,16,3.14
Produce,62,169,64,0.0
Pantry,51,138,52,3.0
Beverage,24,66,67,2.88
Dairy,11,187,15,13.16
Pantry,37,111,2,2.31
Frozen,53,177,14,2.43
Bakery,43,40,52,0.24
Beverage,85,109,72,1.03
Pantry,60,178,11,0.73
Dairy,51,138,32,0.81
Frozen,86,144,77,0.0
Produce,43,105,0,0.0
Beverage,61,51,10,0.92
Bakery,2,162,16,50.0
Dairy,73,30,28,0.0
Dairy,64,197,43,0.27
Bakery,84,12,21,0.01
Meat,22,144,94,6.06
Beverage,12,29,25,2.22
Frozen,27,90,96,0.0
Bakery,53,112,1,0.0
Dairy,43,89,0,0.0
Produce,5,152,70,23.61
Bakery,18,109,0,8.47
Pantry,22,132,23,0.19
Bakery,72,100,77,1.15
Pantry,46,83,21,0.88
Produce,24,180,27,0.0
Beverage,59,116,7,0.0
Beverage,72,162,61,0.91
Produce,4,123,26,29.89
Meat,85,190,33,2.92
Pantry,2,13,22,30.32
Pantry,36,69,59,1.38
Beverage,79,46,2,0.0
Beverage,70,22,28,2.73
Bakery,44,37,49,3.06
Dairy,36,152,75,0.0
Dairy,48,77,73,0.04
Beverage,50,142,34,0.0
Meat,86,155,59,1.39
Beverage,4,145,80,23.39
Dairy,9,141,85,14.43
Bakery,41,86,71,1.04
Produce,89,109,26,0.0
Bakery,86,107,18,0.0
Produce,63,15,91,3.7
Dairy,21,197,37,0.08
Beverage,67,112,74,2.01
Bakery,89,122,40,0.0
Meat,40,84,32,0.0
Produce,88,154,36,2.49
Pantry,79,35,55,0.12
Frozen,3,99,72,17.91
Dairy,15,27,84,4.46
Pantry,61,137,9,0.28
Pantry,47,166,81,0.0
Frozen,7,175,21,4.99
Meat,26,184,23,1.1
Pantry,26,106,99,0.0
Bakery,35,51,38,0.0
Dairy,18,92,93,6.58
Produce,31,108,55,0.42
Produce,56,30,24,0.0
Produce,24,148,42,0.64
Produce,51,159,87,0.23
Meat,21,187,60,5.38
Bakery,83,94,9,2.01
Bakery,13,113,28,4.38
Meat,80,61,55,0.0
Beverage,47,196,29,0.12
Beverage,87,70,6,0.0
Beverage,40,159,90,0.0
Meat,75,136,70,0.0
Produce,41,59,14,1.93
Meat,61,166,58,0.0
Produce,89,81,98,4.83
Frozen,46,52,98,0.0
Dairy,87,162,94,0.0
Pantry,59,71,18,0.0
Meat,17,178,63,6.01
Pantry,53,189,27,0.13
Dairy,67,13,32,0.0
Pantry,29,94,90,0.0
Pantry,57,29,50,0.0
Bakery,30,22,76,0.0
Bakery,74,79,95,0.28
Bakery,11,77,21,8.47
Pantry,74,161,69,0.0
Beverage,42,159,22,0.0
Frozen,3,58,28,19.98
Frozen,15,167,20,2.42
Frozen,48,79,12,0.0
Bakery,78,189,82,0.0
Pantry,51,168,30,0.97
Pantry,38,164,64,0.0
Meat,44,142,30,0.51
Dairy,44,25,75,0.19
Meat,69,33,61,0.0
Dairy,84,41,94,0.0
Bakery,51,67,81,0.0
Produce,17,121,26,4.78
Beverage,62,198,65,0.0
Meat,68,28,13,1.31
Pantry,29,112,24,3.22
Bakery,84,31,63,0.0
Bakery,39,132,71,0.0
Produce,17,63,86,4.14
Produce,62,107,85,0.0
Meat,68,119,74,0.0
Produce,21,194,67,2.28
Meat,86,124,44,0.0
Dairy,66,151,42,1.32
Meat,31,89,89,0.45
Beverage,27,165,89,1.91
Frozen,31,143,8,0.0
Dairy,85,57,9,0.0
Bakery,4,140,79,37.26
Dairy,23,177,67,2.39
Meat,6,146,83,19.76
Bakery,22,74,0,8.32
Dairy,46,197,93,1.63
Frozen,34,184,41,3.25
Pantry,57,124,11,0.0
Produce,31,77,25,0.65
Dairy,30,16,55,0.0
Beverage,31,106,94,1.04
Pantry,47,163,1,3.17
Meat,74,65,31,0.0
Frozen,10,174,84,7.42
Meat,53,120,30,2.48
Meat,60,155,54,0.76
Frozen,82,150,18,5.25
Frozen,40,34,36,1.51
Dairy,53,35,14,2.2
Bakery,22,89,95,6.35
Meat,33,183,99,1.9
Beverage,31,98,36,0.0
Frozen,22,196,65,4.02
Beverage,61,32,99,2.93
Pantry,55,34,25,0.0
Produce,5,74,75,24.25
Frozen,65,126,46,0.0
Pantry,72,144,47,0.0
Beverage,17,120,39,4.3
Produce,63,139,64,0.0
Pantry,23,182,83,0.0
Dairy,4,19,84,30.86
Bakery,2,14,71,44.67
Meat,42,127,66,0.0
Meat,47,30,93,0.0
Beverage,2,164,10,49.14
Bakery,61,81,1,0.0
Pantry,8,31,12,11.01
Pantry,21,123,9,4.39
Pantry,25,17,95,0.0
Frozen,57,170,31,0.0
Beverage,22,185,25,1.44
Bakery,16,140,21,3.73
Beverage,69,104,38,0.0
Pantry,19,113,17,3.56
Dairy,22,96,84,4.16
Meat,33,125,35,1.06
Meat,60,22,48,0.44
Bakery,44,19,99,0.0
Frozen,65,119,65,0.0
Dairy,20,60,81,5.64
Produce,35,73,82,0.0
Produce,55,38,17,0.14
Bakery,57,96,98,0.1
Bakery,31,164,61,0.0
Meat,69,126,59,0.0
Dairy,57,111,34,0.0
Frozen,59,155,17,0.0
Pantry,81,136,17,0.0
Bakery,28,106,22,0.0
Pantry,3,76,28,25.8
Dairy,85,196,56,0.0
Bakery,88,94,6,0.0
Meat,76,124,4,2.39
Bakery,75,167,76,0.16
Pantry,73,111,55,0.55
Bakery,22,85,80,4.64
Beverage,38,90,67,3.1
Bakery,6,64,89,21.99
Frozen,23,122,58,1.91
Frozen,84,180,94,0.0
Frozen,83,102,98,1.32
Pantry,87,81,87,0.0
Dairy,87,124,91,1.03
Bakery,36,73,26,0.78
Bakery,57,40,24,1.37
Produce,35,145,86,0.0
Produce,61,18,77,0.0
Pantry,34,188,2,1.44
Dairy,59,159,41,0.35
Frozen,84,167,20,4.7
Beverage,30,126,13,0.37
Bakery,49,135,51,2.23
Meat,57,192,64,0.09
Meat,49,91,48,0.93
Frozen,74,22,54,2.1
Bakery,82,98,54,0.0
Meat,49,104,88,1.42
Frozen,62,177,56,2.88
Beverage,59,109,76,0.0
Bakery,22,166,6,4.15
Bakery,69,136,92,0.0
Dairy,31,152,6,0.0
Beverage,41,81,29,0.82
Beverage,72,54,83,0.0
Dairy,88,124,19,1.24
Produce,87,44,29,0.0
Produce,75,163,67,1.11
Frozen,41,96,83,1.65
Dairy,28,109,20,0.99
Produce,26,117,46,0.0
Produce,60,179,36,1.23
Frozen,68,115,37,1.91
Produce,22,191,2,5.22
Produce,12,124,43,7.35
Frozen,50,63,88,0.0
Dairy,53,199,59,1.6
Dairy,28,105,66,0.0
Bakery,75,173,3,0.16
Dairy,39,44,58,1.11
Frozen,34,103,38,1.34
Produce,79,102,93,0.13
Meat,47,55,91,0.0
Beverage,83,33,69,3.39
Dairy,51,79,74,0.0
Meat,9,51,45,14.89
Produce,63,68,31,1.06
Meat,66,119,14,0.79
Bakery,6,37,27,22.41
Pantry,61,125,64,0.0
Pantry,32,18,34,0.0
Frozen,44,25,57,0.0
Pantry,2,27,42,35.33
Dairy,27,16,35,0.0
Beverage,32,25,25,0.0
Produce,48,82,76,0.02
Pantry,38,191,34,0.0
Pantry,53,143,39,0.0
Bakery,1,23,78,50.0
Frozen,66,139,58,0.0
Produce,37,85,66,2.5
Meat,60,36,52,1.57
Produce,11,170,84,8.46
Pantry,57,46,74,0.0
Dairy,35,101,3,0.0
Pantry,86,178,88,2.04
Meat,46,91,51,0.67
Produce,87,44,17,0.0
Produce,77,148,70,0.0
Beverage,88,163,96,0.0
Dairy,1,67,1,50.0
Pantry,62,59,27,0.0
Beverage,44,90,60,1.41
Frozen,54,25,58,0.29
Pantry,46,75,74,0.83
Pantry,45,27,76,0.0
Produce,35,108,54,0.0
Pantry,59,155,49,0.53
Bakery,53,78,85,1.58
Pantry,24,30,63,6.01
Dairy,77,29,14,2.29
Meat,74,50,30,0.0
Bakery,28,199,43,1.63
Bakery,47,168,32,0.0
Produce,66,119,35,0.64
Produce,52,14,59,0.0
Beverage,88,167,36,0.0
Dairy,66,39,91,0.0
Pantry,55,41,63,0.24
Produce,70,59,51,0.0
Bakery,10,162,31,11.04
Bakery,58,29,10,3.08
Produce,33,199,17,0.0
Bakery,6,66,25,22.18
Meat,17,177,10,9.37
Beverage,56,99,52,0.1
Meat,18,155,76,1.88
Pantry,53,11,30,0.23
Pantry,15,86,70,6.64
Meat,71,191,79,1.44
Bakery,56,113,75,0.0
Dairy,30,47,87,0.34
Dairy,65,40,30,1.71
Bakery,12,60,42,11.28
Beverage,76,103,25,0.0
Dairy,58,49,92,2.36
Dairy,23,30,99,3.98
Pantry,38,165,46,1.64
Bakery,50,180,20,0.0
Pantry,83,93,13,0.0
Bakery,1,169,64,50.0
Meat,87,187,33,0.0
Dairy,13,181,39,5.89
Meat,36,185,47,0.55
Pantry,77,64,63,0.0
Pantry,78,185,53,0.0
Dairy,43,76,42,0.0
Frozen,51,99,48,0.09
Dairy,68,88,31,2.69
Produce,68,151,97,0.0
Meat,41,128,80,1.27
Meat,30,114,68,3.0
Beverage,49,43,37,0.91
Pantry,80,147,79,0.0
Produce,81,44,82,0.0
Frozen,26,16,48,1.74
Frozen,44,186,5,2.55
Beverage,35,29,6,0.64
Produce,17,13,22,4.85
Meat,43,25,88,0.0
Bakery,24,88,9,2.87
Produce,35,70,72,0.0
Dairy,69,196,10,2.9
Meat,15,38,48,2.26
Produce,28,154,91,2.96
Bakery,56,157,18,1.9
Bakery,58,176,37,0.0
Frozen,78,40,67,0.6
Beverage,86,17,62,0.0
Bakery,71,50,73,1.59
Bakery,76,164,72,0.0
Frozen,50,194,25,0.0
Beverage,19,132,88,0.46
Meat,88,176,72,0.0
Beverage,68,14,13,1.82
Produce,9,93,39,12.39
Produce,50,115,94,0.48
Frozen,41,164,79,0.0
Meat,3,115,72,34.1
Beverage,27,117,82,2.27
Beverage,8,130,64,5.83
Pantry,38,101,83,3.19
Meat,17,15,62,5.44
Produce,38,75,99,0.44
Produce,62,118,4,0.92
Meat,45,75,11,0.0
Meat,4,193,67,36.3
Meat,70,177,74,0.0
Beverage,63,171,76,0.0
Dairy,17,83,53,5.89
Pantry,6,101,51,16.71
Pantry,89,113,2,2.6
Produce,87,53,95,0.0
Frozen,87,60,35,0.51
Frozen,88,112,19,1.05
Meat,52,142,34,4.61
Produce,29,127,69,0.0
Frozen,8,47,7,10.62
Frozen,6,91,61,13.74
Pantry,83,128,6,0.0
Bakery,70,188,75,3.05
Dairy,43,43,14,2.82
Meat,65,57,0,0.0
Dairy,82,101,31,0.31
Bakery,13,157,5,13.36
Bakery,70,64,30,1.02
Frozen,54,115,75,1.45
Produce,50,47,83,3.51
Meat,5,32,62,26.89
Produce,2,47,30,38.58
Dairy,60,62,45,0.42
Pantry,30,36,19,0.08
Beverage,79,47,52,1.67
Meat,14,107,40,1.64
Beverage,59,51,48,0.0
Frozen,21,49,22,2.67
Frozen,70,151,9,2.38
Dairy,43,76,8,0.0
Meat,77,146,80,0.0
Bakery,69,42,57,2.94
Dairy,20,192,72,2.97
Pantry,60,92,85,2.48
Meat,17,189,46,4.85
Pantry,84,187,57,0.0
Beverage,37,141,27,0.0
Pantry,7,150,16,12.93
Produce,54,172,11,1.28
Produce,55,156,88,3.21
Frozen,72,37,55,0.52
Frozen,10,107,12,6.37
Dairy,25,80,6,3.73
Produce,45,188,10,3.69
Frozen,35,52,35,1.66
Beverage,27,100,31,0.0
Frozen,68,103,2,0.0
Beverage,59,132,92,0.0
Dairy,42,114,40,0.98
Beverage,70,13,89,2.48
Dairy,73,56,36,0.0
Meat,54,144,3,0.0
Beverage,18,153,69,0.79
Beverage,21,105,27,1.98
Meat,71,178,0,1.62
Meat,77,10,43,0.0
Frozen,70,80,75,0.0
Pantry,16,153,86,0.85
Dairy,62,183,7,2.16
Meat,18,183,7,7.72
Frozen,8,145,94,8.54
Meat,48,120,34,0.34
Produce,29,121,49,2.23
Produce,67,117,38,0.0
Dairy,33,116,3,0.0
Beverage,68,58,61,0.0
Beverage,64,53,67,0.0
Produce,19,136,66,2.96
Meat,43,76,90,1.86
Frozen,40,52,98,1.68
Beverage,58,188,42,0.0
Beverage,11,164,11,11.85
Dairy,41,98,73,0.0
Bakery,34,74,51,0.0
Meat,35,30,44,2.05
Frozen,5,188,6,28.0
Meat,53,59,55,0.0
Frozen,11,10,27,1.58
Dairy,24,97,34,0.27
Pantry,53,110,99,3.27
Frozen,76,164,10,0.0
Pantry,29,133,54,0.0
Produce,43,23,52,1.42
Beverage,13,162,23,7.27
Produce,15,106,87,3.58
Meat,23,195,83,1.4
Beverage,6,114,58,13.57
Frozen,18,164,20,6.38
Meat,18,104,68,5.26
Dairy,28,158,11,0.0
Dairy,67,127,47,0.0
Beverage,5,164,28,18.25
Frozen,6,160,89,11.81
Dairy,52,169,98,1.96
Dairy,65,62,77,3.0
Meat,61,104,34,1.2
Meat,39,74,76,2.07
Dairy,27,167,87,1.67
Beverage,31,115,36,0.0
Meat,54,119,6,0.1
Pantry,86,17,78,0.0
Bakery,69,122,88,0.0
Produce,16,137,0,6.25
Meat,1,163,92,46.94
Dairy,58,64,14,2.74
Bakery,56,80,26,0.0
Frozen,20,22,61,3.35
Dairy,58,138,69,3.22
Bakery,60,22,60,0.62
Produce,58,183,23,2.66
Frozen,43,149,91,0.54
Frozen,51,158,50,0.0
Bakery,16,162,30,4.03
Frozen,60,59,45,2.7
Frozen,36,72,48,0.04
Meat,18,62,91,1.75
Produce,70,50,38,0.0
Produce,43,164,78,0.0
Produce,1,87,48,40.83
Bakery,6,164,41,22.76
Dairy,13,184,7,12.73
Dairy,28,95,85,0.0
Meat,45,25,97,0.0
Bakery,20,186,72,4.18
Produce,36,22,13,3.68
Produce,65,103,11,0.0
Bakery,89,131,82,0.0
Produce,77,183,91,3.35
Frozen,42,80,70,0.87
Beverage,45,44,45,2.65
Produce,60,69,54,0.0
Frozen,46,90,33,0.0
Pantry,79,164,17,0.0
Dairy,26,126,76,0.67
Pantry,50,136,48,0.39
Dairy,8,52,19,14.05
Meat,82,12,62,0.0
Pantry,38,96,20,4.07
Bakery,41,172,59,0.0
Bakery,86,138,44,0.1
Beverage,8,95,87,8.2
Pantry,62,115,42,0.0
Beverage,60,142,33,0.0
Frozen,35,39,64,1.17
Produce,10,144,73,9.43
Meat,71,113,2,2.16
Produce,89,134,63,0.0
Produce,76,152,83,2.75
Produce,50,123,64,0.0
Bakery,54,15,37,0.0
Bakery,50,140,54,1.96
Produce,78,199,21,0.0
Bakery,70,167,56,0.0
Meat,32,130,95,0.0
Meat,70,12,13,0.22
Pantry,75,121,33,0.0
Bakery,73,114,91,0.0
Meat,50,150,21,0.0
Produce,42,113,54,4.33
Dairy,55,42,0,1.4
Bakery,38,131,55,2.51
Dairy,26,19,61,1.76
Bakery,87,65,36,0.0
Produce,12,66,10,3.72
Bakery,63,78,13,0.0
Beverage,2,26,38,27.89
Produce,60,181,92,1.65
Produce,68,163,10,1.17
Meat,21,184,66,1.42
Bakery,89,148,59,2.51
Pantry,32,161,90,3.56
Frozen,30,121,47,0.0
Dairy,57,184,64,1.49
Meat,23,57,66,0.7
Produce,7,148,57,13.79
Beverage,33,76,98,0.0
Produce,29,48,97,3.56
Meat,24,26,82,3.19
Dairy,33,19,28,0.25
Pantry,82,195,12,3.89
Produce,8,156,18,13.33
Produce,53,193,21,0.0
Produce,66,161,0,0.0
Frozen,41,100,53,0.08
Produce,44,69,9,0.06
Dairy,35,162,85,0.91
Dairy,68,121,38,0.49
Meat,66,94,49,3.0
Meat,84,17,96,0.0
Dairy,65,197,19,0.0
Frozen,72,79,87,0.0
Frozen,50,134,61,0.0
Frozen,59,107,94,1.0
Bakery,13,39,91,7.6
Pantry,29,183,49,0.75
Pantry,51,19,76,0.0
Produce,82,181,93,0.0
Produce,32,174,2,0.0
Produce,50,71,29,0.0
Meat,39,186,99,0.0
Bakery,83,164,83,0.81
Beverage,7,100,98,6.02
Beverage,23,32,47,3.09
Dairy,78,105,14,0.0
Dairy,48,175,94,0.24
Dairy,38,170,89,0.0
Meat,15,24,49,4.6
Beverage,85,147,79,0.0
Produce,7,18,70,13.01
Produce,49,167,83,3.42
Beverage,16,116,13,0.0
Pantry,3,51,93,26.4
Pantry,20,121,26,1.21
Frozen,62,131,52,2.32
Bakery,36,122,95,0.0
Pantry,67,30,30,2.93
Beverage,8,85,53,10.08
Meat,54,72,33,0.0
Bakery,28,121,75,0.0
Dairy,70,46,41,2.14
Frozen,74,160,8,0.0
Pantry,16,10,33,5.8
Frozen,44,136,13,1.57
Produce,58,150,22,0.0
Frozen,82,126,49,2.01
Beverage,32,131,77,0.75
Produce,47,188,91,0.28
Produce,66,75,96,3.77
Dairy,84,132,9,4.32
Pantry,70,149,83,0.0
Beverage,1,116,92,33.18
Meat,47,75,76,1.09
Bakery,57,104,46,0.69
Dairy,63,142,29,1.08
Pantry,89,135,91,0.0
Pantry,17,102,4,0.0
Bakery,25,194,51,5.85
Beverage,52,13,35,1.4
Dairy,64,45,56,0.7
Produce,58,141,58,0.0
Meat,11,115,8,15.3
Meat,51,181,41,1.84
Dairy,44,25,17,0.0
Meat,46,53,5,0.0
Pantry,52,142,21,0.0
Beverage,29,88,94,0.0
Dairy,34,31,17,0.0
Dairy,27,149,22,2.68
Produce,36,168,6,0.0
Pantry,48,83,60,0.0
Beverage,49,51,91,0.0
Dairy,64,166,68,0.0
Pantry,43,156,74,1.95
Bakery,60,120,21,1.73
Pantry,17,123,36,6.13
Meat,49,151,69,0.0
Beverage,88,152,96,0.24
Produce,43,139,9,0.0
Meat,3,171,29,33.66
Beverage,75,41,4,0.0
Bakery,10,177,62,8.89
Bakery,15,157,79,4.62
Meat,78,73,83,0.0
Beverage,60,33,40,0.0
Frozen,33,82,44,1.45
Beverage,3,118,28,22.51
Dairy,20,139,68,3.51
Dairy,11,44,14,13.41
Dairy,3,23,38,33.42
Frozen,7,41,43,8.04
Meat,62,99,24,1.38
Dairy,34,60,21,2.56
Frozen,49,75,66,0.01
Frozen,1,72,17,26.2
Meat,54,132,59,0.0
Produce,43,126,14,0.0
Bakery,22,148,79,3.61
Meat,70,111,29,0.0
Bakery,36,58,26,2.29
Meat,25,145,10,0.0
Produce,40,143,30,0.0
Beverage,47,54,66,0.0
Meat,75,170,38,0.0
Meat,79,17,72,0.0
Pantry,60,189,38,0.0
Frozen,41,135,80,0.54
Produce,78,168,63,3.38
Produce,78,50,21,2.2
Frozen,18,56,3,4.61
Beverage,73,112,1,0.0
Meat,29,138,7,3.19
Beverage,66,141,73,3.43
Dairy,81,71,89,1.96
Dairy,9,167,84,11.35
Meat,17,148,81,2.88
Beverage,20,139,49,1.5
Bakery,55,99,45,1.18
Dairy,15,13,44,0.0
Pantry,52,148,86,0.0
Dairy,46,151,89,1.83
Frozen,69,105,2,0.53
Pantry,20,50,36,5.06
Produce,28,144,56,0.0
Produce,55,183,58,0.0
Pantry,53,108,91,0.63
Frozen,2,119,86,22.55
Meat,5,116,86,30.4
Beverage,66,187,44,1.71
Dairy,42,36,65,0.0
Produce,69,24,44,0.0
Meat,88,85,75,0.0
Pantry,78,38,84,1.38
Dairy,14,114,26,5.43
Beverage,55,51,80,0.0
Beverage,76,11,97,0.0
Beverage,79,98,74,0.88
Produce,26,192,13,5.75
Pantry,59,183,89,2.15
Beverage,12,73,94,6.96
Bakery,61,182,71,0.79
Dairy,35,61,16,0.42
Produce,10,130,76,12.23
Frozen,81,93,99,0.82
Beverage,87,188,8,0.0
Beverage,5,15,79,16.35
Beverage,59,145,40,0.0
Produce,57,113,11,0.47
Produce,83,153,47,0.0
Frozen,89,129,78,0.0
Bakery,86,133,15,0.0
Produce,83,85,7,0.0
Pantry,53,37,30,1.6
Produce,10,108,88,10.3
Beverage,42,94,80,3.13
Produce,64,107,51,0.0
Frozen,86,59,5,1.29
Pantry,80,133,53,0.63
Bakery,34,105,72,0.0
Frozen,10,83,15,5.42
Meat,2,24,43,48.9
Frozen,30,69,78,0.75
Pantry,50,181,4,0.0
Dairy,16,115,41,3.89
Dairy,77,53,6,0.0
Beverage,58,49,92,0.0
Dairy,4,143,0,50.0
Beverage,27,198,2,0.0
Beverage,89,145,58,0.0
Bakery,23,61,90,0.37
Beverage,29,35,54,0.76
Frozen,36,138,4,0.0
Bakery,73,105,20,0.58
Meat,28,199,73,2.94
Produce,3,66,33,28.14
Beverage,45,183,55,0.0
Pantry,39,91,33,0.0
Beverage,82,143,78,0.0
Produce,2,187,1,50.0
Beverage,21,41,22,3.2
Frozen,31,60,50,0.0
Pantry,56,177,73,2.55
Dairy,7,193,28,15.94
Frozen,43,134,49,0.0
Frozen,72,42,83,0.59
Bakery,24,142,62,0.61
Meat,18,138,41,2.43
Beverage,68,53,11,0.0
Bakery,29,156,65,0.0
Bakery,5,144,52,27.51
Frozen,2,175,35,19.24
Bakery,74,146,84,0.0
Bakery,81,43,38,0.09
Dairy,76,197,85,4.47
Produce,76,35,9,0.07
Beverage,81,118,85,0.0
Pantry,41,84,31,1.4
Bakery,67,43,38,0.0
Frozen,10,198,38,5.12
Dairy,11,176,6,19.09
Pantry,69,12,46,0.0
Frozen,64,19,76,0.0
Produce,19,151,34,4.3
Beverage,4,102,13,19.15
Produce,55,89,74,0.0
Dairy,69,73,99,0.0
Beverage,35,55,5,2.22
Frozen,55,196,93,1.7
Produce,62,116,15,0.0
Beverage,32,30,20,1.46
Beverage,70,34,7,2.73
Meat,54,186,6,2.75
Frozen,39,130,91,1.34
Beverage,8,166,31,11.64
Dairy,60,177,14,2.64
Bakery,18,153,88,3.86
Meat,14,161,75,1.83
Pantry,61,41,67,1.68
Pantry,7,44,27,12.79
Pantry,64,108,88,0.96
Produce,51,66,11,1.27
Meat,23,100,40,2.02
Pantry,88,163,54,0.0
Bakery,68,115,10,0.0
Beverage,74,89,76,0.0
Dairy,16,74,54,4.62
Dairy,2,15,22,36.51
Bakery,66,126,39,0.0
Frozen,81,140,83,0.0
Produce,56,178,63,1.26
Produce,22,116,20,0.0
Beverage,5,78,55,17.57
Dairy,50,18,77,0.0
Meat,51,12,56,0.0
Pantry,59,102,80,0.2
Produce,43,138,90,0.0
Bakery,1,109,79,50.0
Frozen,7,184,25,6.47
Frozen,68,55,3,0.59
Beverage,76,169,66,0.0
Dairy,59,44,83,0.1
Bakery,27,94,75,1.32
Pantry,45,86,54,0.0
Beverage,16,139,38,1.48
Produce,37,169,54,0.0
Meat,35,65,62,0.23
Pantry,12,136,48,4.11
Dairy,36,111,50,0.67
Bakery,39,186,67,0.0
Dairy,80,77,78,3.97
Bakery,37,162,72,0.0
Dairy,78,127,82,0.0
Meat,61,177,15,1.43
Produce,84,100,64,0.0
Beverage,63,20,16,0.0
Produce,4,16,52,28.24
Dairy,76,113,27,0.0
Frozen,70,127,92,1.06
Beverage,10,56,86,5.35
Frozen,55,23,47,0.0
Dairy,57,159,21,0.0
Frozen,7,69,71,10.43
Bakery,54,172,86,0.48
Frozen,3,133,25,20.99
Meat,1,194,39,50.0
Pantry,46,36,74,0.0
Produce,47,28,81,2.59
Frozen,24,11,66,0.0
Dairy,69,165,0,0.0
Pantry,37,143,10,0.0
Bakery,76,94,69,0.0
Pantry,47,105,56,0.93
Bakery,69,68,0,0.0
Meat,76,68,29,3.61
Beverage,67,117,25,0.0
Dairy,33,21,8,0.29
Meat,69,110,16,0.0
Beverage,57,160,28,0.74
Produce,42,27,88,0.0
Meat,49,105,30,0.82
Pantry,5,38,84,22.7
Pantry,72,44,39,0.0
Produce,67,165,13,2.6
Dairy,20,169,4,4.89
Pantry,13,42,94,3.57
Bakery,67,13,39,0.0
Dairy,43,119,60,0.0
Produce,61,137,29,1.27
Bakery,40,36,93,0.0
Beverage,73,73,58,0.0
Bakery,61,181,28,1.54
Frozen,8,138,73,5.48
Bakery,59,32,89,1.44
Meat,30,51,59,0.0
Beverage,78,104,97,0.0
Meat,23,130,12,5.06
Bakery,29,190,5,1.47
Produce,28,102,18,0.0
Beverage,18,128,90,5.72
Dairy,3,174,29,30.97
Beverage,64,189,19,0.0
Pantry,89,71,47,2.53
Meat,54,103,23,0.0
Meat,68,158,69,0.0
Beverage,52,190,41,0.57
Produce,70,179,56,0.16
Produce,56,144,34,0.0
Bakery,64,156,29,0.0
Meat,75,35,81,0.0
Bakery,33,35,83,0.0
Bakery,46,196,51,0.0
Dairy,72,133,86,1.57
Pantry,1,81,28,34.92
Pantry,46,99,47,0.0
Meat,7,45,13,15.39
Meat,5,27,90,26.98
Beverage,59,44,88,0.0
Beverage,38,138,47,1.87
Bakery,34,38,76,0.0
Frozen,51,14,36,2.74
Produce,57,130,20,0.0
Bakery,59,26,8,0.82
Dairy,14,156,25,3.49
Produce,61,101,47,1.29
Pantry,41,44,26,1.79
Beverage,83,115,58,0.0
Produce,3,73,23,29.2
Frozen,46,67,37,0.0
Pantry,39,191,91,3.29
Dairy,46,84,49,1.38
Produce,32,116,93,6.64
Meat,44,48,87,0.0
Frozen,48,118,80,0.0
Frozen,34,77,63,0.35
Frozen,72,177,56,0.0
Bakery,6,186,17,27.91
Pantry,23,46,21,0.0
Beverage,29,50,50,0.42
Dairy,55,199,77,1.67
Pantry,31,93,17,1.7
Frozen,66,142,92,0.0
Pantry,85,59,74,2.86
Produce,59,13,67,0.18
Frozen,38,31,74,1.62
Dairy,64,122,39,0.0
Meat,61,71,73,0.0
Dairy,2,178,55,40.96
Meat,49,42,25,0.0
Dairy,79,51,97,0.64
Dairy,29,88,36,0.0
Pantry,22,115,7,3.33
Bakery,13,197,41,6.94
Dairy,39,59,61,0.0
Dairy,55,109,89,1.31
Dairy,72,96,25,1.6
Beverage,3,152,18,22.03
Bakery,84,108,70,0.0
Dairy,21,139,49,2.75
Dairy,83,133,29,0.07
Pantry,72,19,26,0.0
Bakery,13,18,14,7.04
Frozen,84,181,20,2.27
Dairy,74,62,42,0.0
Frozen,24,89,52,0.0
Pantry,67,134,36,0.0
Beverage,81,52,81,2.41
Beverage,29,73,91,0.0
Frozen,72,133,9,1.8
Dairy,69,101,58,1.95
Dairy,33,149,71,0.0
Produce,18,21,6,3.7
Meat,25,53,41,0.0
Pantry,65,43,45,2.46
Bakery,86,97,43,1.42
Produce,4,71,67,30.97
Meat,17,95,49,1.61
Pantry,64,20,79,0.0
Meat,52,152,31,0.0
Beverage,33,176,66,0.0
Meat,3,127,21,34.91
Meat,14,51,1,9.23
Meat,20,154,50,0.0
Beverage,50,32,69,0.0
Beverage,77,193,69,0.71
Dairy,18,70,29,1.81
Beverage,60,138,16,3.46
Pantry,27,19,50,3.23
Produce,39,60,14,4.12
Produce,23,182,94,0.0
Pantry,55,72,36,0.0
Beverage,75,80,93,0.0
Beverage,68,177,41,0.21
Bakery,5,70,22,29.14
Frozen,24,115,75,2.16
Frozen,89,191,24,0.0
Meat,40,53,67,0.96
Beverage,86,105,10,0.0
Pantry,34,65,9,0.03
Bakery,13,165,32,8.54
Beverage,7,191,70,10.35
Bakery,9,145,56,14.8
Produce,64,42,51,0.39
Meat,66,32,42,0.81
Beverage,77,108,19,0.0
Produce,82,196,73,0.0
Beverage,25,42,88,2.32
Bakery,42,21,45,3.34
Bakery,38,130,55,1.13
Dairy,37,100,20,0.0
Frozen,23,36,92,0.0
Produce,88,161,39,3.31
Dairy,72,141,81,1.36
Produce,89,170,50,0.0
Bakery,65,108,81,0.0
Produce,32,49,67,0.0
Produce,82,142,79,4.22
Produce,44,192,23,1.09
Dairy,10,45,10,10.96
Dairy,54,162,34,1.05
Pantry,38,122,29,0.0
Meat,1,55,25,50.0
Bakery,53,160,13,0.0
Meat,76,30,74,1.93
Dairy,72,107,17,1.44
Meat,36,10,56,0.0
Pantry,57,114,33,0.0
Pantry,25,146,0,6.46
Frozen,3,198,55,17.3
Meat,64,24,64,1.84
Frozen,21,100,92,3.02
Bakery,67,190,87,2.18
Dairy,31,31,16,1.73
Dairy,41,169,6,0.12
Produce,74,107,16,2.75
Beverage,55,81,43,0.0
Dairy,9,44,43,11.88
Pantry,8,148,82,14.22
Produce,54,155,37,0.56
Beverage,28,122,19,1.56
Produce,43,86,71,0.0
Beverage,36,109,94,0.0
Beverage,66,136,23,1.98
Bakery,50,31,70,0.5
Frozen,4,189,91,22.22
Frozen,14,117,53,0.11
Beverage,31,105,20,0.01
Bakery,7,34,71,16.45
Produce,62,127,93,0.0
Bakery,88,125,70,4.08
Produce,41,150,23,1.45
Bakery,88,43,11,0.0
Beverage,83,147,44,0.0
Pantry,17,177,77,3.65
Beverage,44,135,25,0.06
Beverage,31,40,43,1.62
Pantry,28,160,2,0.0
Dairy,39,113,95,3.33
Bakery,40,97,29,0.0
Beverage,3,77,96,22.15
Produce,50,178,23,1.66
Meat,36,14,71,0.0
Pantry,42,16,42,0.86
Meat,30,51,14,0.1
Produce,80,119,84,2.57
Bakery,80,130,65,0.0
Pantry,20,121,94,0.34
Pantry,24,111,73,5.21
Produce,56,162,85,0.04
Produce,74,99,7,3.17
Produce,39,168,10,0.0
Bakery,88,53,1,0.28
Bakery,85,184,73,0.0
Produce,34,198,84,0.0
Pantry,29,89,97,0.58
Meat,51,97,19,0.0
Pantry,88,125,22,0.0
Frozen,60,148,87,0.0
Produce,21,84,51,0.0
Meat,36,166,34,0.57
Produce,55,43,92,0.0
Frozen,80,141,33,2.28
Pantry,58,53,56,2.26
Dairy,30,119,84,2.79
Produce,79,123,73,0.2
Pantry,69,16,49,0.0
Produce,11,59,87,4.89
Frozen,56,52,77,1.76
Dairy,29,40,52,0.18
Produce,34,23,12,0.0
Dairy,42,176,47,0.0
Produce,46,78,60,0.0
Bakery,60,104,63,0.0
Beverage,59,95,39,0.0
Dairy,1,83,8,50.0
Beverage,55,28,45,0.0
Meat,80,166,84,1.8
Meat,58,20,51,0.24
Produce,33,88,79,0.0
Frozen,68,90,82,1.5
Frozen,53,96,38,0.0
Dairy,58,40,34,0.36
Dairy,40,103,26,0.0
Meat,2,188,64,40.51
Meat,9,82,21,16.04
Meat,47,92,65,0.0
Pantry,2,57,85,29.65
Produce,68,75,56,0.0
Produce,11,85,3,15.92
Meat,4,48,27,38.0
Pantry,89,141,19,0.0
Beverage,6,155,22,15.84
Meat,10,11,59,12.08
Meat,64,86,93,0.0
Beverage,31,154,77,0.0
Dairy,23,16,62,2.54
Beverage,36,33,31,0.0
Frozen,36,89,27,0.0
Beverage,11,49,60,3.18
Meat,86,40,76,0.0
Dairy,23,110,29,2.19
Produce,37,179,14,0.0
Bakery,60,86,22,0.04
Pantry,1,110,24,37.19
Frozen,50,104,59,2.57
Frozen,86,13,67,0.44
Pantry,82,112,62,0.0
Beverage,81,63,65,0.0
Bakery,9,190,6,27.3
Beverage,31,187,68,0.0
Pantry,87,20,7,0.0
Meat,67,190,68,0.0
Frozen,66,48,46,0.0
Produce,47,45,50,1.36
Frozen,75,21,60,0.0
Dairy,33,69,81,0.0
Pantry,17,50,63,1.81
Frozen,83,77,75,0.0
Produce,63,45,7,0.0
Pantry,1,11,28,35.92
Frozen,40,80,51,0.0
Dairy,12,37,18,7.73
Pantry,62,22,33,0.0
Bakery,19,128,97,2.21
Produce,3,167,7,50.0
Beverage,32,130,73,0.62
Beverage,64,64,81,0.02
Pantry,55,63,41,2.96
Dairy,77,196,31,1.65
Produce,28,80,27,1.55
Dairy,51,196,33,0.8
Dairy,38,93,8,1.65
Bakery,34,115,70,0.0
Frozen,61,104,86,1.16
Frozen,73,162,10,0.0
Pantry,38,156,66,0.0
Meat,37,13,52,1.87
Produce,4,122,7,50.0
Produce,19,67,66,1.49
Bakery,75,116,0,2.68
Beverage,76,112,88,0.56
Beverage,53,107,95,0.47
Frozen,23,157,80,4.56
Produce,63,110,66,0.0
Pantry,28,65,40,1.25
Meat,14,62,1,8.7
Produce,85,92,69,2.54
Pantry,85,187,48,0.63
Produce,87,189,0,2.51
Produce,23,81,14,3.21
Produce,69,56,77,2.65
Frozen,11,167,33,7.77
Frozen,47,106,41,2.1
Meat,43,120,14,0.0
Beverage,30,193,51,0.0
Beverage,65,102,97,0.0
Frozen,40,58,72,0.0
Produce,37,28,42,0.0
Frozen,14,55,6,1.38
Meat,43,151,83,0.0
Dairy,18,36,80,5.06
Dairy,67,65,47,4.01
Beverage,12,23,30,4.56
Pantry,52,196,98,1.31
Meat,88,175,69,2.25
Meat,15,103,76,1.2
Meat,64,88,49,2.11
Meat,25,119,84,2.36
Dairy,52,96,21,0.0
Pantry,3,40,37,26.67
Meat,78,149,45,0.0
Beverage,11,13,24,2.38
Produce,37,53,52,0.0
Frozen,10,66,75,6.39
Produce,7,163,9,28.3
Beverage,36,191,46,3.97
Pantry,23,122,70,1.06
Produce,11,84,27,7.95
Frozen,55,139,86,0.0
Frozen,67,109,79,0.0
Frozen,34,67,29,0.0
Produce,17,107,92,6.65
Produce,45,86,31,0.0
Meat,6,128,83,24.34
Beverage,50,64,82,0.0
Pantry,1,70,84,34.73
Beverage,26,127,21,2.72
Beverage,49,127,0,0.0
Frozen,77,166,37,1.61
Pantry,35,184,21,2.98
Dairy,63,34,64,0.0
Dairy,30,128,36,0.0
Pantry,48,138,72,0.0
Dairy,20,86,75,4.0
Produce,80,80,31,0.28
Frozen,68,118,58,0.0
Bakery,70,83,22,0.0
Pantry,84,75,16,0.0
Pantry,36,126,38,1.03
Frozen,53,77,35,0.0
Pantry,7,62,10,12.31
Bakery,4,23,52,33.44
Produce,24,14,37,0.01
Meat,46,93,37,3.22
Beverage,4,94,10,23.0
Bakery,31,153,70,3.03
Dairy,85,116,28,0.0
Pantry,1,147,22,36.89
Frozen,67,21,55,0.0
Bakery,38,123,20,0.92
Meat,78,40,29,0.73
Frozen,11,197,82,8.67
Produce,41,172,18,0.0
Beverage,38,50,93,0.83
Produce,29,62,6,0.0
Beverage,40,106,88,3.45
Produce,81,133,87,0.0
Bakery,14,56,81,7.88
Bakery,29,110,88,0.0
Frozen,68,53,26,0.0
Pantry,60,22,17,0.0
Dairy,38,183,64,0.2
Produce,65,85,6,0.0
Pantry,64,109,34,0.51
Bakery,17,100,67,7.72
Pantry,3,134,71,27.28
Dairy,73,20,45,0.0
Beverage,17,32,52,0.48
Produce,71,105,27,0.0
Beverage,17,170,36,0.0
Produce,14,84,64,2.89
Dairy,87,38,96,0.0
Frozen,65,59,80,3.02
Meat,12,94,29,7.88
Frozen,29,163,9,0.0
Frozen,88,42,53,0.0
Pantry,49,16,24,0.33
Beverage,44,61,2,0.0
Dairy,69,185,15,0.0
Dairy,15,121,73,5.19
Dairy,23,99,49,1.07
Produce,11,111,73,11.52
Produce,8,13,16,10.04
Bakery,43,164,18,0.02
Pantry,2,53,15,33.45
Beverage,2,56,49,29.37
Bakery,67,53,50,1.91
Pantry,57,28,34,1.22
Frozen,13,116,68,2.11
Meat,84,113,36,2.03
Bakery,75,165,79,2.34
Bakery,81,53,87,0.0
Beverage,2,75,14,25.6
Meat,31,48,64,0.0
Meat,83,78,58,0.0
Frozen,58,122,59,0.0
Beverage,32,192,26,0.78
Bakery,15,100,24,2.34
Beverage,12,196,69,5.12
Produce,81,105,17,0.0
Frozen,40,165,97,0.15
Meat,86,32,95,0.0
Bakery,7,63,71,19.39
Beverage,33,134,94,0.0
Frozen,19,172,61,2.16
Meat,13,116,19,8.48
Produce,23,39,61,3.38
Bakery,27,52,70,3.54
Meat,32,46,59,0.0
Meat,35,57,79,0.23
Pantry,83,150,49,0.35
Dairy,54,161,73,1.66
Frozen,69,198,91,1.37
Bakery,32,87,47,0.4
Pantry,8,101,31,9.33
Bakery,19,31,34,3.11
Frozen,55,18,3,1.16
Meat,38,45,92,0.0
Pantry,15,187,70,0.6
Beverage,24,175,39,1.42
Meat,4,160,46,33.23
Bakery,36,124,69,2.43
Bakery,72,195,28,1.69
Dairy,39,51,19,0.01
Produce,25,11,85,2.49
Meat,4,88,18,39.24
Bakery,6,120,11,28.87
Frozen,82,125,77,0.0
Pantry,38,72,12,2.77
Dairy,54,83,50,0.0
Frozen,23,45,78,2.44
Meat,11,48,92,13.7
Bakery,80,150,22,4.22
Frozen,11,10,11,8.59
Produce,71,139,56,0.1
Produce,49,40,48,3.61
Produce,81,26,4,0.0
Dairy,46,111,7,0.0
Dairy,59,115,28,0.41
Beverage,67,96,29,3.04
Bakery,48,59,43,1.33
Frozen,55,194,59,0.0
Beverage,82,169,71,0.0
Produce,77,92,29,0.79
Frozen,9,175,34,8.03
Produce,22,191,2,4.15
Beverage,47,152,55,0.0
Frozen,76,24,11,3.09
Pantry,56,114,59,0.83
Meat,36,151,7,0.0
Bakery,50,22,99,1.2
Pantry,24,83,49,1.66
Bakery,23,33,33,0.83
Beverage,55,196,8,0.0
Bakery,73,121,24,1.66
Produce,71,98,13,1.95
Pantry,30,166,37,0.0
Produce,2,171,96,35.48
Beverage,37,159,40,5.42
Frozen,42,121,20,1.41
Frozen,77,64,61,0.0
Beverage,26,10,51,1.46
Meat,63,164,82,0.0
Frozen,84,42,54,0.0
Dairy,19,47,58,4.09
Meat,58,195,85,0.0
Bakery,55,84,37,0.77
Produce,4,31,81,32.03
Meat,24,125,58,0.0
Bakery,19,27,14,1.99
Meat,21,49,88,5.16
Beverage,85,191,7,0.01
Bakery,62,60,35,2.07
Frozen,65,187,44,0.05
Bakery,46,96,0,0.0
Pantry,8,61,94,9.11
Frozen,7,53,54,4.48
Produce,85,113,5,1.41
Meat,89,104,6,2.87
Bakery,24,132,47,5.3
Pantry,16,146,50,6.79
Frozen,17,183,42,3.78
Produce,69,116,14,1.9
Bakery,9,124,88,12.14
Bakery,69,73,2,1.19
Frozen,52,44,88,1.18
Frozen,33,121,87,2.3
Produce,21,192,84,3.31
Pantry,10,71,52,8.69
Frozen,54,52,60,0.0
Frozen,84,153,34,0.0
Produce,26,30,85,1.05
Meat,89,23,9,0.0
Meat,46,66,29,1.76
Dairy,82,86,1,0.0
Produce,69,41,26,1.6
Pantry,53,12,44,3.49
Pantry,22,120,40,5.94
Produce,21,164,55,1.29
Produce,71,64,49,0.0
Beverage,5,173,42,15.79
Beverage,7,24,59,10.73
Frozen,48,116,75,0.22
Frozen,74,60,76,0.0
Frozen,70,97,98,0.0
Produce,15,144,56,2.54
Meat,81,139,40,0.0
Pantry,73,158,40,0.14
Beverage,58,54,80,0.71
Pantry,28,165,10,1.76
Produce,22,63,59,0.0
Bakery,44,30,80,1.75
Pantry,20,16,6,1.79
Bakery,86,70,45,0.0
Frozen,52,37,20,1.41
Beverage,28,88,10,0.0
Produce,35,14,43,0.0
Frozen,64,128,90,0.0
Meat,34,89,53,0.0
Produce,77,42,19,0.41
Meat,2,134,64,37.8
Produce,29,186,67,2.78
Pantry,88,156,31,3.15
Produce,85,45,67,0.0
Pantry,15,30,43,2.67
Beverage,16,75,47,2.93
Produce,71,31,71,0.0
Frozen,11,111,54,5.3
Bakery,40,165,41,0.47
Dairy,1,190,69,48.72
Meat,7,49,12,12.24
Bakery,82,131,60,2.61
Beverage,53,162,88,0.0
Beverage,34,142,79,1.33
Pantry,88,57,7,1.24
Dairy,63,194,71,1.34
Bakery,30,57,45,0.0
Dairy,37,169,52,1.55
Pantry,86,64,15,2.54
Produce,32,165,23,2.33
Beverage,42,143,47,0.0
Dairy,76,153,96,0.96
Pantry,89,163,63,0.0
Beverage,77,172,65,0.0
Pantry,53,160,70,2.22
Pantry,2,95,56,30.05
Pantry,26,143,6,4.32
Pantry,21,54,8,1.55
Beverage,58,25,40,3.57
Meat,29,147,72,0.0
Produce,35,15,22,0.0
Frozen,64,141,92,0.0
Produce,76,181,58,0.48
Beverage,54,11,90,0.01
Bakery,88,13,50,0.16
Pantry,51,55,48,0.0
Pantry,62,32,72,2.86
Meat,89,132,51,0.0
Pantry,22,21,75,2.51
Bakery,51,150,43,2.21
Bakery,83,74,49,2.91
Beverage,29,194,23,0.0
Produce,46,42,90,2.56
Frozen,29,133,73,0.74
Pantry,39,61,3,0.0
Pantry,74,158,60,0.0
Dairy,25,142,25,3.14
Pantry,62,95,66,0.0
Pantry,38,79,62,2.89
Dairy,39,137,64,0.0
Bakery,61,49,73,0.0
Frozen,11,159,50,6.66
Produce,71,63,2,2.19
Bakery,59,91,68,0.0
Bakery,79,175,26,2.47
Bakery,88,61,58,0.87
Frozen,85,48,60,1.36
Produce,44,10,9,2.27
Meat,63,104,21,0.0
Produce,57,159,77,0.0
Beverage,24,101,1,2.28
Frozen,46,45,8,1.07
Frozen,47,169,66,0.32
Dairy,14,180,0,7.82
Beverage,14,180,41,2.53
Produce,34,118,25,0.0
Beverage,87,19,44,2.18
Beverage,27,44,59,0.0
Meat,7,135,91,18.08
Dairy,74,17,84,0.0
Frozen,1,20,90,25.25
Bakery,42,73,89,0.0
Beverage,40,56,80,0.0
Beverage,25,104,91,0.33
Produce,31,198,26,0.0
Dairy,80,129,74,0.0
Dairy,80,135,1,0.0
Pantry,69,20,96,3.25
Bakery,85,148,10,0.66
Meat,32,74,95,0.0
Pantry,48,160,84,0.0
Bakery,80,172,48,0.0
Pantry,78,47,9,0.0
Meat,66,51,85,0.52
Bakery,78,111,82,0.0
Dairy,31,44,48,0.0
Beverage,77,89,54,1.27
Dairy,15,22,17,5.0
Dairy,32,197,54,1.87
Bakery,50,76,76,0.0
Produce,63,175,18,4.79
Beverage,87,196,81,1.06
Dairy,16,13,73,5.35
Bakery,82,148,25,0.0
Pantry,80,114,49,2.93
Meat,43,174,83,3.02
Produce,87,146,23,0.0
Beverage,57,83,1,0.06
Pantry,26,135,24,0.0
Meat,22,195,77,3.2
Dairy,51,47,29,2.05
Pantry,26,77,15,0.56
Produce,81,148,0,1.48
Beverage,73,60,79,1.15
Dairy,66,23,66,0.11
Dairy,46,149,50,0.0
Dairy,17,35,51,3.63
Meat,21,138,34,1.4
Produce,33,24,93,0.0
Pantry,41,141,16,0.0
Dairy,25,12,42,0.0
Frozen,7,153,36,8.26
Meat,18,82,68,4.47
Meat,65,62,42,3.59
Bakery,38,125,66,1.64
Produce,65,27,97,0.0
Bakery,22,65,35,4.33
Beverage,65,37,29,2.77
Meat,63,185,21,0.0
Pantry,70,194,79,2.66
Bakery,76,49,91,0.0
Dairy,65,145,96,0.0
Frozen,37,126,54,0.61
Bakery,20,122,87,4.45
Frozen,38,10,49,1.3
Bakery,46,143,58,0.0
Bakery,26,45,30,2.6
Meat,8,181,67,12.51
Beverage,60,133,41,3.08
Beverage,87,86,97,0.0
Beverage,52,74,90,0.0
Pantry,60,140,81,0.0
Bakery,71,72,32,0.0
Pantry,65,140,6,1.63
Produce,68,132,38,0.0
Pantry,56,17,94,0.0
Dairy,37,63,84,0.58
Pantry,47,65,23,0.0
Meat,73,46,44,0.58
Pantry,30,38,84,0.0
Meat,14,191,52,4.74
Produce,52,95,59,0.0
Produce,64,26,3,0.0
Produce,55,34,52,0.15
Meat,78,119,78,0.0
Frozen,59,135,94,2.1
Bakery,57,195,7,0.69
Meat,84,158,15,0.0
Bakery,57,52,33,0.19
Bakery,27,177,40,1.59
Produce,62,124,2,0.0
Bakery,55,86,82,0.0
Pantry,86,109,59,1.74
Produce,28,184,91,0.3
Pantry,20,98,50,0.0
Dairy,38,132,89,2.34
Beverage,14,156,38,7.31
Beverage,87,16,40,3.15
Produce,59,26,53,2.73
Beverage,45,128,13,2.62
Produce,30,183,72,0.0
Frozen,55,57,73,0.13
Bakery,62,103,60,1.73
Pantry,33,84,21,0.0
Produce,84,50,88,1.1
Beverage,23,162,95,1.68
Frozen,62,56,26,0.93
Produce,24,142,99,4.17
Beverage,84,125,20,0.0
Bakery,88,154,4,0.0
Meat,65,41,36,0.0
Pantry,68,178,23,1.75
Pantry,78,177,23,0.0
Beverage,77,143,50,0.0
Bakery,70,165,87,2.63
Frozen,24,31,49,3.42
Beverage,70,165,82,0.0
Meat,30,153,75,0.0
Produce,56,126,44,0.94
Pantry,1,87,85,37.47
Pantry,23,62,83,2.05
Dairy,14,95,59,1.54
Dairy,21,161,53,0.0
Pantry,4,100,9,28.09
Beverage,84,88,84,0.16
Pantry,86,146,47,0.0
Frozen,37,129,12,0.0
Dairy,58,62,48,2.2
Produce,38,80,19,0.0
Produce,89,188,44,2.23
Produce,39,41,45,0.65
Meat,26,144,11,0.0
Frozen,85,187,99,0.27
Pantry,43,151,24,1.25
Bakery,86,119,27,0.0
Produce,72,14,92,0.0
Produce,51,62,44,2.22
Meat,29,93,62,1.41
Produce,53,126,60,0.0
Bakery,28,196,76,1.34
Bakery,27,88,70,0.57
Beverage,37,191,96,0.0
Beverage,19,51,0,2.53
Meat,59,171,47,1.05
Frozen,54,52,77,0.1
Beverage,86,18,76,3.71
Meat,17,55,88,3.09
Beverage,76,184,55,0.0
Beverage,64,132,11,2.54
Meat,66,149,22,0.0
Beverage,76,28,77,0.0
Produce,82,86,49,0.0
Dairy,37,117,33,0.0
Bakery,85,43,65,0.0
Meat,63,82,90,1.69
Pantry,3,175,14,36.11
Frozen,56,14,63,0.0
Frozen,26,93,75,0.15
Bakery,29,115,52,3.73
Dairy,54,69,92,2.8
Dairy,3,87,43,29.92
Pantry,23,119,98,3.09
Frozen,20,46,90,0.17
Bakery,52,122,22,2.87
Frozen,58,183,42,0.0
Pantry,76,27,54,1.23
Produce,87,162,46,2.36
Frozen,78,24,84,3.67
Produce,30,17,63,0.95
Frozen,57,31,7,2.57
Beverage,50,137,23,1.67
Dairy,29,186,83,5.02
Frozen,38,100,36,1.3
Dairy,67,137,0,0.0
Bakery,44,45,74,0.0
Pantry,87,157,36,1.03
Dairy,58,154,59,0.0
Pantry,79,164,13,2.36
Pantry,34,23,27,0.0
Meat,72,199,49,0.0
Frozen,26,58,51,1.07
Dairy,78,166,57,1.55
Pantry,44,76,85,1.14
Meat,17,176,71,0.74
Frozen,27,112,68,0.0
Pantry,27,63,80,0.0
Frozen,30,25,90,0.91
Beverage,34,188,0,0.0
Beverage,36,176,11,0.0
Produce,18,86,63,5.69
Produce,63,30,30,0.0
Beverage,53,148,86,0.07
Produce,15,132,1,7.42
Dairy,48,129,70,0.0
Dairy,1,126,13,50.0
Pantry,66,145,25,0.0
Produce,59,147,33,0.0
Frozen,11,88,22,5.0
Bakery,68,42,92,0.58
Bakery,12,105,96,7.49
Pantry,48,154,7,1.0
Dairy,40,151,43,0.0
Pantry,60,80,57,0.0
Produce,22,170,37,1.86
Meat,35,10,79,2.13
Frozen,63,79,76,2.19
Pantry,75,20,55,3.56
Produce,81,172,35,2.67
Beverage,45,67,33,0.0
Produce,86,164,37,2.72
Frozen,77,184,46,0.0
Bakery,21,46,80,4.75
Frozen,82,70,8,0.22
Produce,20,187,69,1.98
Beverage,49,101,97,0.79
Produce,36,173,70,0.0
Beverage,11,15,26,4.66
Produce,63,16,51,0.0
Frozen,44,189,56,0.0
Frozen,51,167,21,0.0
Frozen,32,163,0,0.0
Beverage,89,78,78,4.25
Beverage,11,105,95,4.68
Frozen,15,114,75,3.58
Pantry,67,184,15,4.55
Frozen,43,158,77,0.0
Dairy,11,88,45,9.37
Frozen,37,65,9,2.34
Bakery,28,49,13,0.0
Dairy,1,112,47,45.34
Meat,71,116,95,0.0
Produce,78,56,3,1.02
Bakery,89,122,5,1.5
Bakery,41,112,62,2.78
Frozen,15,113,65,2.46
Dairy,2,24,28,41.44
Produce,12,150,14,9.62
Bakery,25,196,91,0.0
Dairy,84,114,90,2.66
Bakery,39,20,66,0.0
Dairy,47,19,53,1.46
Bakery,74,117,32,0.0
Produce,44,144,32,2.53
Beverage,88,114,60,0.0
Dairy,48,41,39,0.0
Beverage,53,145,40,0.0
Pantry,24,165,95,1.55
Pantry,86,162,75,0.0
Dairy,38,38,69,0.0
Pantry,2,121,16,30.6
Frozen,79,14,52,1.23
Bakery,27,43,19,1.15
Produce,71,167,84,0.0
Produce,84,99,31,1.78
Dairy,18,63,78,4.61
Bakery,2,91,83,43.05
Bakery,17,184,8,9.17
Beverage,5,34,27,17.75
Beverage,65,174,21,3.64
Bakery,23,11,44,0.22
Beverage,12,159,14,5.17
Frozen,9,146,91,5.93
Dairy,24,197,0,5.7
Bakery,24,170,58,4.49
Beverage,39,181,21,0.0
Bakery,28,127,35,4.25
Beverage,74,49,61,0.85
Bakery,59,85,83,0.0
Pantry,3,114,97,25.45
Meat,50,143,72,0.0
Meat,70,108,3,0.0
Beverage,9,85,19,10.81
Beverage,40,79,82,0.0
Produce,58,100,56,0.0
Meat,13,20,13,8.04
Dairy,30,157,28,0.0
Dairy,87,47,85,0.0
Beverage,35,85,3,1.58
Meat,1,170,26,50.0
Dairy,57,34,64,0.0
Bakery,12,199,13,14.37
Bakery,48,79,77,0.77
Frozen,8,187,74,6.22
Dairy,41,168,62,1.26
Meat,45,174,15,0.0
Produce,61,81,55,1.1
Produce,25,195,68,0.0
Meat,35,125,90,0.0
Beverage,32,101,41,1.25
Frozen,25,37,29,1.19
Frozen,56,113,59,0.0
Beverage,66,69,6,0.05
Dairy,19,18,28,5.65
Pantry,9,66,42,9.65
Bakery,22,124,64,5.43
Frozen,8,59,69,8.9
Produce,26,49,96,2.2
Bakery,23,147,87,1.97
Beverage,11,114,4,11.88
Produce,48,38,89,2.4
Pantry,82,125,99,3.36
Beverage,58,185,89,0.34
Beverage,62,67,53,4.63
Frozen,10,179,97,7.31
Bakery,83,63,40,0.55
Meat,1,160,87,50.0
Meat,25,149,5,0.0
Beverage,57,66,14,2.6
Dairy,50,75,37,0.0
Frozen,35,30,32,2.89
Produce,30,101,88,0.0
Bakery,51,63,59,0.0
Produce,47,165,85,0.05
Dairy,69,114,12,0.0
Pantry,7,113,73,11.17
Frozen,26,194,94,2.6
Bakery,22,60,30,0.0
Beverage,74,32,27,0.9
Meat,50,129,47,0.0
Dairy,43,176,70,2.09
Pantry,83,137,55,2.21
Frozen,75,27,46,0.0
Dairy,53,72,17,1.82
Pantry,52,160,92,0.0
Produce,52,50,30,0.0
Produce,45,165,0,0.0
Beverage,71,130,1,0.0
Meat,29,198,19,0.0
Dairy,30,107,19,0.07
Dairy,69,147,42,0.0
Frozen,69,32,33,0.0
Bakery,35,145,76,0.0
Pantry,13,170,48,3.88
Pantry,89,45,2,0.11
Beverage,27,31,2,4.06
Produce,36,30,72,0.0
Frozen,73,66,96,0.0
Meat,45,185,20,0.22
Dairy,19,105,38,2.7
Frozen,54,172,29,0.0
Dairy,81,118,53,0.0
Beverage,7,28,46,13.92
Bakery,88,33,37,0.73
Dairy,77,125,93,2.26
Frozen,31,32,13,1.53
Beverage,27,91,5,2.34
Frozen,34,53,61,0.2
Produce,52,86,96,1.45
Dairy,20,88,82,1.93
Produce,36,198,51,0.67
Dairy,33,33,78,1.2
Produce,12,70,82,7.03
Frozen,42,164,65,0.12
Pantry,34,85,60,1.1
Beverage,39,183,72,2.51
Produce,21,105,75,2.81
Frozen,59,49,57,0.91
Dairy,44,119,48,0.41
Meat,1,74,37,50.0
Dairy,19,176,27,3.11
Dairy,84,162,63,2.94
Dairy,29,150,14,0.09
Dairy,55,129,25,0.0
Dairy,47,102,39,0.66
Meat,48,146,98,0.0
Bakery,77,112,77,0.0
Produce,71,131,57,0.0
Meat,32,60,87,5.14
Bakery,76,113,18,1.18
Bakery,44,20,50,0.0
Meat,79,34,23,0.0
Bakery,64,21,2,0.0
Meat,24,85,23,2.63
Meat,27,188,67,0.0
Beverage,60,97,43,0.0
Pantry,38,117,32,1.58
Beverage,81,123,30,0.0
Produce,59,159,22,0.0
Pantry,29,107,95,1.94
Pantry,79,186,78,0.47
Meat,57,118,68,1.34
Produce,20,195,55,2.77
Frozen,10,123,19,7.8
Meat,46,110,73,0.0
Produce,22,92,33,1.4
Frozen,32,105,67,3.79
Frozen,46,104,22,3.61
Beverage,39,11,42,1.18
Beverage,20,151,59,0.73
Dairy,11,138,99,9.88
Bakery,49,165,56,0.0
Dairy,21,173,99,4.31
Frozen,54,15,84,0.0
Frozen,13,20,23,1.22
Dairy,88,31,54,0.0
Bakery,22,153,2,3.74
Beverage,80,17,84,0.0
Dairy,45,38,7,0.0
Meat,44,184,56,2.04
Frozen,67,63,78,0.73
Meat,85,23,36,0.0
Meat,34,67,49,0.28
Bakery,1,90,65,50.0
Produce,13,144,21,6.32
Beverage,27,126,0,0.0
Pantry,46,170,30,0.85
Beverage,27,185,23,0.85
Dairy,9,17,83,15.17
Produce,72,60,70,0.0
Dairy,61,194,12,0.0
Dairy,57,36,62,4.16
Frozen,81,38,73,0.0
Meat,49,57,97,0.0
Meat,55,110,17,0.0
Dairy,40,24,19,0.0
Produce,3,111,6,50.0
Produce,34,199,25,0.0
Produce,58,86,34,1.15
Frozen,25,193,49,1.83
Produce,54,157,83,0.0
Bakery,74,164,90,3.81
Frozen,40,197,81,0.0
Produce,12,145,54,8.77
Produce,58,182,55,2.11
Dairy,9,112,92,6.87
Meat,21,170,19,5.23
Beverage,48,126,16,3.25
Beverage,31,162,6,0.0
Pantry,39,29,73,0.0
Dairy,43,12,3,0.56
Frozen,85,134,29,0.12
Dairy,42,153,93,0.0
Pantry,39,91,95,0.0
Produce,22,41,7,0.84
Produce,66,102,26,2.42
Beverage,63,77,56,0.61
Dairy,60,95,1,0.0
Produce,19,130,30,6.79
Bakery,4,54,63,37.67
Beverage,4,193,29,24.5
Beverage,79,187,53,0.21
Frozen,78,73,90,1.99
Dairy,79,123,91,0.0
Dairy,88,173,90,2.69
Dairy,54,103,25,0.0
Pantry,64,182,70,0.0
Dairy,42,172,55,0.75
Beverage,87,90,21,2.27
Dairy,54,116,27,0.9
Produce,38,146,78,0.0
Dairy,56,109,64,1.56
Meat,57,186,83,0.92
Bakery,41,164,5,0.56
Dairy,11,149,2,15.66
Frozen,36,187,16,0.77
Dairy,43,62,96,1.04
Bakery,78,64,56,1.83
Frozen,49,121,54,0.0
Bakery,42,186,7,0.0
Meat,77,32,2,1.2
Produce,40,158,63,0.0
Produce,15,19,35,2.77
Pantry,76,106,62,0.01
Beverage,25,176,9,0.0
Frozen,50,56,73,0.71
Produce,65,118,42,0.0
Pantry,26,35,2,0.05
Meat,3,121,78,30.13
Produce,16,85,67,3.65
Bakery,47,55,38,0.0
Frozen,9,171,47,6.53
Frozen,22,37,49,2.09
Bakery,35,170,77,0.0
Produce,35,150,41,2.96
Bakery,87,114,47,1.14
Meat,51,76,40,0.0
Produce,76,108,29,0.65
Pantry,62,34,58,0.0
Produce,66,22,34,4.59
Beverage,41,36,75,0.0
Pantry,84,53,52,0.0
Frozen,37,12,18,0.0
Beverage,88,178,54,4.04
Frozen,23,64,19,0.0
Dairy,6,107,51,23.97
Pantry,13,118,3,9.82
Frozen,5,28,92,18.21
Pantry,56,49,27,0.66
Beverage,24,186,59,0.83
Meat,49,64,20,0.0
Dairy,62,135,20,0.0
Frozen,76,40,85,0.0
Beverage,3,13,20,29.42
Produce,67,197,80,1.0
Beverage,67,72,71,0.0
Dairy,12,52,51,8.1
Bakery,31,118,87,0.0
Bakery,60,145,6,2.5
Frozen,27,87,17,1.36
Beverage,59,14,42,0.97
Pantry,68,163,8,1.04
Produce,15,161,9,6.19
Beverage,21,195,62,4.49
Dairy,67,11,81,0.0
Frozen,48,198,29,0.0
Pantry,45,40,40,0.0
Frozen,17,139,82,1.99
Pantry,32,73,40,0.63
Meat,41,144,11,0.07
Beverage,58,103,91,0.0
Beverage,26,195,88,3.15
Beverage,44,151,43,0.0
Beverage,42,111,48,0.0
Bakery,53,156,88,0.0
Produce,16,73,84,6.64
Beverage,37,141,18,1.0
Frozen,78,47,31,0.0
Meat,61,34,77,0.0
Meat,23,173,72,4.05
Frozen,82,162,41,2.12
Pantry,77,164,69,0.9
Frozen,6,148,81,11.11
Frozen,69,25,11,0.0
Frozen,32,88,50,0.0
Bakery,57,25,39,0.0
Beverage,84,159,40,0.0
Dairy,4,151,10,50.0
Pantry,80,79,62,0.0
Pantry,42,44,94,1.45
Bakery,75,44,70,0.49
Frozen,46,196,78,4.25
Pantry,58,82,5,0.0
Dairy,83,106,62,0.0
Beverage,14,12,63,5.0
Bakery,34,55,7,0.0
Dairy,7,49,62,15.27
Bakery,23,17,24,0.0
Dairy,24,79,14,1.38
Meat,68,15,54,0.0
Pantry,11,110,78,5.45
Dairy,33,39,97,0.0
Meat,37,185,84,0.0
Produce,73,105,88,0.0
Pantry,23,12,87,0.0
Bakery,27,184,97,0.0
Dairy,60,125,64,0.0
Pantry,34,116,42,0.0
Produce,7,62,30,15.09
Produce,78,67,53,0.27
Bakery,57,125,97,2.51
Bakery,11,103,63,12.15
Pantry,12,152,57,5.56
Bakery,11,70,90,8.92
Beverage,36,187,80,0.0
Dairy,75,62,59,2.23
Beverage,3,116,96,22.84
Produce,4,157,28,28.63
Beverage,71,195,74,0.0
Beverage,86,184,29,0.0
Produce,13,62,26,5.11
Dairy,32,46,58,0.0
Frozen,48,34,61,0.21
Pantry,46,31,55,0.0
Dairy,32,88,2,0.0
Frozen,7,87,75,7.13
Meat,36,83,80,0.0
Frozen,74,161,21,2.58
Frozen,36,120,29,2.87
Bakery,81,27,39,0.0
Meat,9,14,13,13.29
Bakery,69,176,17,0.0
Bakery,16,136,4,9.69
Pantry,12,128,3,12.41
Produce,34,112,94,0.03
Beverage,71,61,17,0.0
Pantry,79,50,31,3.18
Dairy,64,180,83,0.32
Bakery,57,61,20,0.0
Produce,24,66,50,4.94
Beverage,64,70,74,0.14
Frozen,21,198,68,0.4
Meat,71,183,97,0.0
Beverage,38,48,72,1.64
Frozen,24,147,84,1.49
Beverage,31,161,40,0.0
Frozen,82,51,35,1.45
Bakery,8,15,24,18.65
Frozen,7,179,8,16.33
Meat,65,116,96,1.16
Produce,81,94,48,3.6
Meat,18,43,69,2.0
Bakery,68,31,12,0.93
Dairy,1,153,26,46.48
Frozen,80,35,66,2.36
Meat,78,115,10,2.66
Meat,40,106,88,0.0
Pantry,72,17,33,0.0
Bakery,53,127,20,0.0
Produce,14,133,0,9.84
Beverage,75,133,92,0.0
Produce,39,50,60,0.0
Frozen,82,96,70,0.0
Pantry,85,171,82,3.0
Dairy,47,103,44,0.0
Beverage,15,127,87,4.54
Bakery,35,39,81,0.0
Frozen,75,114,18,2.36
Bakery,89,191,53,0.0
Dairy,84,193,4,1.01
Frozen,70,196,43,0.54
Pantry,83,95,86,0.0
Dairy,33,66,70,2.02
Dairy,89,159,68,4.36
Meat,59,146,24,0.29
Produce,63,128,5,0.0
Frozen,58,50,38,0.0
Produce,49,172,60,1.69
Frozen,81,98,99,0.45
Dairy,13,172,39,2.2
Meat,38,63,68,0.0
Dairy,64,157,10,0.0
Dairy,89,68,54,0.77
Beverage,28,187,64,0.67
Pantry,55,25,35,1.22
Pantry,86,74,80,1.36
Dairy,56,156,71,1.55
Beverage,32,145,97,3.62
Beverage,61,12,8,0.0
Produce,40,145,56,2.39
Dairy,45,128,28,0.0
Dairy,88,87,52,1.48
Frozen,47,193,12,3.14
Bakery,82,129,16,0.0
Frozen,13,51,5,6.55
Beverage,30,146,13,1.89
Bakery,21,94,87,3.34
Beverage,68,55,5,0.0
Frozen,39,23,8,0.84
Beverage,64,193,69,0.0
Produce,30,153,33,0.0
Dairy,86,72,74,0.0
Produce,67,90,18,0.0
Dairy,10,94,93,12.76
Dairy,36,139,20,0.94
Pantry,79,48,9,0.0
Bakery,71,49,23,1.34
Produce,63,79,61,0.0
Bakery,27,133,52,5.04
Produce,56,185,64,0.21
Dairy,75,146,53,1.28
Beverage,66,192,74,0.0
Pantry,24,60,72,6.59
Pantry,62,112,8,0.66
Dairy,38,180,71,0.0
Bakery,6,68,76,23.27
Dairy,28,128,74,0.63
Dairy,82,129,56,0.29
Meat,9,77,67,13.74
Pantry,28,155,68,0.0
Produce,2,79,28,38.11
Beverage,83,155,4,1.29
Meat,57,120,7,2.58
Dairy,4,117,69,36.64
Pantry,75,34,65,0.0
Pantry,30,91,36,0.0
Beverage,64,58,76,0.0
Beverage,60,187,34,0.0
Dairy,67,27,91,0.0
Bakery,36,42,56,2.25
Frozen,15,82,7,2.25
Meat,18,114,77,3.39
Dairy,45,39,39,0.0
Pantry,3,194,76,22.42
Frozen,30,158,77,4.24
Pantry,29,109,81,0.0
Meat,5,15,33,30.04
Pantry,82,15,61,0.0
Produce,34,61,6,0.0
Bakery,45,65,62,2.71
Dairy,32,64,81,0.0
Meat,69,33,25,0.0
Pantry,57,71,19,0.0
Meat,78,114,13,2.55
Produce,1,135,14,48.78
Meat,62,18,93,1.9
Bakery,13,53,80,9.33
Pantry,59,20,26,1.56
Dairy,36,123,64,1.17
Bakery,36,146,44,0.0
Produce,86,166,60,2.99
Beverage,77,115,74,1.96
Beverage,85,145,50,0.02
Beverage,77,180,61,0.96
Beverage,38,20,84,0.31
Bakery,79,139,38,0.13
Produce,20,26,59,1.62
Meat,45,41,14,0.26
Beverage,56,75,26,0.0
Meat,21,126,29,4.41
Pantry,42,17,73,0.0
Frozen,47,178,45,0.0
Dairy,20,136,60,6.16
Meat,55,26,88,2.35
Pantry,55,147,42,3.55
Pantry,84,128,13,0.42
Meat,57,89,36,0.0
Produce,72,143,75,0.59
Meat,43,116,47,2.87
Frozen,79,162,60,0.02
Produce,8,132,35,13.83
Pantry,78,55,93,0.0
Beverage,46,172,4,0.0
Bakery,65,128,16,1.79
Bakery,80,10,87,4.08
Bakery,26,21,50,0.89
Beverage,26,50,56,0.77
Pantry,47,12,67,0.0
Bakery,71,48,44,0.49
Frozen,79,65,26,0.47
Beverage,18,106,75,0.0
Produce,59,97,66,0.54
Dairy,55,197,4,0.47
Pantry,87,147,59,0.0
Beverage,31,155,92,3.17
Dairy,31,124,99,0.03
Bakery,89,22,77,4.56
Pantry,33,94,51,0.96
Dairy,49,58,36,0.19
Frozen,18,85,77,0.06
Produce,20,147,54,4.21
Frozen,36,192,21,0.0
Dairy,5,25,9,28.23
Dairy,63,20,69,0.0
Dairy,72,181,70,0.89
Bakery,86,81,99,0.0
Meat,3,68,72,33.0
Frozen,11,135,32,9.42
Dairy,11,184,68,6.13
Frozen,24,198,82,0.0
Bakery,23,141,19,4.06
Pantry,36,23,99,1.13
Meat,35,21,90,0.0
Dairy,69,193,74,0.0
Frozen,59,25,27,0.0
Pantry,46,22,49,0.98
Dairy,53,81,40,0.0
Beverage,56,118,26,0.28
Frozen,34,107,35,0.0
Beverage,86,96,16,0.0
Pantry,86,135,80,0.0
Bakery,8,40,7,14.14
Bakery,80,45,58,0.0
Dairy,41,100,8,2.52
Bakery,18,122,27,2.93
Produce,38,173,94,0.0
Pantry,50,37,59,0.0
Dairy,81,135,12,0.42
Produce,19,75,96,3.36
Produce,9,14,96,13.15
Dairy,16,18,11,4.93
Produce,72,182,59,0.0
Pantry,13,195,63,6.74
Frozen,49,92,84,2.12
Produce,72,37,30,1.83
Dairy,2,85,34,39.56
Meat,58,179,50,0.0
Pantry,10,105,37,8.11
Pantry,42,26,70,0.24
Pantry,31,142,33,0.0
Produce,82,191,18,0.34
Bakery,36,65,43,0.0
Bakery,63,67,69,0.67
Meat,74,76,85,1.39
Bakery,59,59,75,0.0
Dairy,2,53,11,42.56
Meat,32,182,0,0.0
Meat,51,21,46,0.72
Meat,29,190,14,0.0
Meat,65,34,60,0.32
Meat,8,122,72,14.86
Produce,65,77,83,1.12
Meat,70,62,51,0.57
Dairy,69,21,50,0.0
Pantry,68,98,1,0.0
Frozen,82,26,36,0.65
Dairy,61,108,51,0.0
Pantry,14,145,44,7.71
Beverage,49,49,46,1.13
Pantry,6,106,42,15.96
Beverage,30,37,38,1.56
Dairy,28,30,37,0.61
Pantry,73,82,63,0.0
Produce,81,124,61,1.65
Dairy,19,163,97,5.94
Pantry,89,71,73,0.06
Beverage,71,154,96,0.0
Bakery,66,199,91,0.0
Dairy,29,148,94,1.35
Meat,58,176,79,0.0
Bakery,80,175,35,0.0
Produce,53,66,80,0.16
Dairy,68,153,50,0.71
Meat,42,165,55,3.12
Dairy,45,110,84,1.82
Frozen,33,121,75,0.0
Dairy,6,49,60,21.59
Frozen,9,37,17,8.86
Bakery,31,18,82,0.28
Meat,56,53,34,4.86
Meat,69,11,81,0.0
Bakery,31,19,3,0.0
Pantry,3,20,41,23.76
Beverage,5,148,61,18.74
Dairy,5,106,10,27.7
Frozen,76,157,93,0.74
Frozen,9,179,69,7.17
Beverage,32,133,54,0.43
Produce,38,140,43,0.0
Meat,54,184,1,0.48
Dairy,8,89,74,15.97
Produce,73,65,34,0.0
Produce,63,177,31,3.26
Dairy,64,53,27,0.93
Beverage,68,74,68,1.24
Produce,31,114,49,1.14
Produce,61,125,80,0.51
Pantry,64,176,57,0.0
Bakery,86,172,62,0.0
Produce,1,93,58,44.73
Produce,37,191,29,0.0
Meat,75,92,9,0.0
Frozen,21,117,51,3.22
Beverage,3,192,66,24.14
Produce,55,77,7,1.16
Pantry,31,113,6,2.68
Frozen,68,181,98,0.0
Meat,70,137,18,3.42
Beverage,43,13,6,1.89
Bakery,45,54,86,1.53
Pantry,16,51,41,2.7
Beverage,77,109,8,1.4
Dairy,24,80,97,0.0
Produce,37,117,58,0.0
Beverage,49,100,99,1.42
Bakery,73,27,25,0.62
Beverage,32,82,17,0.0
Frozen,16,169,18,0.46
Frozen,13,199,79,3.32
Dairy,66,64,75,2.52
Beverage,71,170,42,0.31
Beverage,66,49,49,0.0
Bakery,64,126,41,3.13
Bakery,79,174,81,3.86
Beverage,36,137,70,2.44
Frozen,8,115,77,7.55
Pantry,8,106,26,9.73
Bakery,20,52,80,3.75
Dairy,16,178,18,3.09
Meat,44,163,61,0.0
Bakery,25,32,66,3.31
Bakery,75,133,63,2.82
Meat,64,22,28,0.0
Beverage,44,69,24,0.65
Beverage,82,79,80,0.43
Frozen,47,146,70,1.36
Produce,12,65,4,15.63
Bakery,41,190,82,2.88
Frozen,58,183,4,0.0
Pantry,60,148,82,0.56
Beverage,8,91,31,11.35
Bakery,71,11,30,0.0
Bakery,38,89,33,0.0
Beverage,11,58,16,3.52
Produce,15,95,86,5.68
Meat,60,157,92,0.0
Frozen,43,164,96,0.0
Produce,71,166,3,2.86
Meat,63,51,10,0.0
Beverage,22,51,43,3.27
Produce,82,31,97,0.68
Beverage,33,34,45,0.78
Meat,39,77,35,1.08
Dairy,9,89,19,15.9
Bakery,73,92,22,3.63
Pantry,30,56,60,0.0
Pantry,20,87,49,3.99
Bakery,38,62,70,0.0
Frozen,86,198,55,0.0
Pantry,17,115,62,1.92
Meat,68,87,39,0.0
Bakery,84,133,57,0.0
Dairy,78,83,3,0.0
Bakery,85,12,22,2.4
Frozen,52,124,28,2.56
Produce,3,121,93,30.43
Meat,34,86,41,0.18
Bakery,79,15,21,0.0
Meat,1,144,98,47.22
Beverage,33,107,75,2.34
Dairy,19,72,18,5.74
Dairy,35,170,85,0.14
Meat,45,155,50,3.47
Beverage,24,13,36,1.24
Produce,83,108,47,3.21
Produce,26,172,82,0.1
Frozen,57,42,33,2.77
Beverage,88,194,48,2.61
Pantry,63,142,93,0.0
Beverage,89,172,40,0.0
Produce,79,34,27,0.0
Pantry,76,148,84,1.53
Dairy,67,199,18,2.12
Bakery,63,11,85,0.0
Dairy,43,103,64,2.03
Meat,54,78,75,0.0
Dairy,81,181,26,1.12
Frozen,35,37,53,0.0
Produce,77,66,64,0.0
Beverage,72,36,36,0.0
Produce,14,33,58,5.31
Pantry,52,138,78,0.44
Bakery,11,79,78,9.23
Bakery,35,155,60,2.51
Bakery,85,165,86,0.0
Frozen,7,150,37,7.02
Bakery,49,23,53,0.0
Dairy,7,51,75,11.71
Pantry,63,128,79,0.0
Beverage,25,157,48,0.26
Bakery,74,25,90,1.27
Beverage,84,184,34,0.0
Beverage,32,123,61,0.0
Bakery,12,162,96,12.24
Frozen,40,103,46,0.86
Pantry,77,182,59,0.83
Beverage,64,18,45,1.82
